0.02,-6.079295
0.04,-6.020443
0.06,-5.958697
0.08,-5.898237
0.1,-5.83424
0.12,-5.767992
0.14,-5.702708
0.16,-5.635817
0.18,-5.570855
0.2,-5.502677
0.22,-5.43482
0.24,-5.369537
0.26,-5.30168
0.28,-5.237683
0.3,-5.173686
0.32,-5.11194
0.34,-5.051159
0.36,-4.99295
0.38,-4.936028
0.4,-4.882
0.42,-4.831189
0.44,-4.787773
0.46,-4.74275
0.48,-4.703516
0.5,-4.674894
0.52,-4.644986
0.54,-4.621188
0.56,-4.600927
0.58,-4.586456
0.6,-4.571662
0.62,-4.557512
0.64,-4.547221
0.66,-4.537252
0.68,-4.526961
0.7,-4.517635
0.72,-4.513454
0.74,-4.503806
0.76,-4.498339
0.78,-4.488691
0.8,-4.483867
0.82,-4.473898
0.84,-4.466823
0.86,-4.459104
0.88,-4.454602
0.9,-4.444633
0.92,-4.439809
0.94,-4.439487
0.96,-4.434985
0.98,-4.439809
1,-4.44206
1.02,-4.449457
1.04,-4.458783
1.06,-4.468752
1.08,-4.484189
1.1,-4.493515
1.12,-4.507665
1.14,-4.522458
1.16,-4.537252
1.18,-4.552367
1.2,-4.56716
1.22,-4.581632
1.24,-4.596103
1.26,-4.611862
1.28,-4.626012
1.3,-4.640483
1.32,-4.654955
1.34,-4.669427
1.36,-4.68422
1.38,-4.698692
1.4,-4.713807
1.42,-4.728922
1.44,-4.74275
1.46,-4.762689
1.48,-4.781342
1.5,-4.804175
1.52,-4.826365
1.54,-4.850484
1.56,-4.875247
1.58,-4.902261
1.6,-4.929596
1.62,-4.958218
1.64,-4.986518
1.66,-5.017713
1.68,-5.048586
1.7,-5.082997
1.72,-5.11998
1.74,-5.153426
1.76,-5.191374
1.78,-5.227071
1.8,-5.260838
1.82,-5.293319
1.84,-5.325157
1.86,-5.354743
1.88,-5.38433
1.9,-5.411022
1.92,-5.437072
1.94,-5.464085
1.96,-5.492064
1.98,-5.516505
2,-5.535801
2.02,-5.556061
2.04,-5.575357
2.06,-5.59015
2.08,-5.604622
2.1,-5.620058
2.12,-5.62842
2.14,-5.643535
2.16,-5.653504
2.18,-5.667333
2.2,-5.677945
2.22,-5.687272
2.24,-5.701743
2.26,-5.711713
2.28,-5.722325
2.3,-5.736475
2.32,-5.746123
2.34,-5.75545
2.36,-5.760595
2.38,-5.770243
2.4,-5.775388
2.42,-5.784715
2.44,-5.790503
2.46,-5.795649
2.48,-5.794684
2.5,-5.799508
2.52,-5.805297
2.54,-5.804332
2.56,-5.804653
2.58,-5.805297
2.6,-5.804332
2.62,-5.804975
2.64,-5.799186
2.66,-5.795006
2.68,-5.795649
2.7,-5.790182
2.72,-5.789538
2.74,-5.785036
2.76,-5.78986
2.78,-5.790182
2.8,-5.795006
2.82,-5.799829
2.84,-5.805618
2.86,-5.81012
2.88,-5.814944
2.9,-5.819125
2.92,-5.824592
2.94,-5.824271
2.96,-5.829416
2.98,-5.829738
3,-5.829095
3.02,-5.824592
3.04,-5.824592
3.06,-5.824592
3.08,-5.825235
3.1,-5.825235
3.12,-5.823949
3.14,-5.829095
3.16,-5.829095
3.18,-5.830059
3.2,-5.829095
3.22,-5.829416
3.24,-5.824271
3.26,-5.823949
3.28,-5.819447
3.3,-5.808834
3.32,-5.804653
3.34,-5.795006
3.36,-5.780855
3.38,-5.765097
3.4,-5.746123
3.42,-5.729079
3.44,-5.712034
3.46,-5.691774
3.48,-5.667333
3.5,-5.648037
3.52,-5.623918
3.54,-5.599798
3.56,-5.575035
3.58,-5.550594
3.6,-5.525188
3.62,-5.496566
3.64,-5.467301
3.66,-5.437715
3.68,-5.403947
3.7,-5.369537
3.72,-5.330624
3.74,-5.291068
3.76,-5.24701
3.78,-5.20263
3.8,-5.155998
3.82,-5.107438
3.84,-5.056626
3.86,-5.004849
3.88,-4.950822
3.9,-4.897115
3.92,-4.841801
3.94,-4.78713
3.96,-4.732781
3.98,-4.679075
4,-4.627941
4.02,-4.58131
4.04,-4.532428
4.06,-4.488369
4.08,-4.446884
4.1,-4.408614
4.12,-4.370988
4.14,-4.342366
4.16,-4.307955
4.18,-4.278047
4.2,-4.254249
4.22,-4.229486
4.24,-4.205367
4.26,-4.188001
4.28,-4.169991
4.3,-4.159057
4.32,-4.149409
4.34,-4.141048
4.36,-4.141048
4.38,-4.140726
4.4,-4.14137
4.42,-4.149088
4.44,-4.155841
4.46,-4.171278
4.48,-4.185428
4.5,-4.204724
4.52,-4.224662
4.54,-4.243636
4.56,-4.268721
4.58,-4.292519
4.6,-4.317603
4.62,-4.341723
4.64,-4.366164
4.66,-4.390605
4.68,-4.414724
4.7,-4.439166
4.72,-4.459104
4.74,-4.482902
4.76,-4.507343
4.78,-4.532428
4.8,-4.556226
4.82,-4.581632
4.84,-4.610897
4.86,-4.640162
4.88,-4.679075
4.9,-4.717344
4.92,-4.757865
4.94,-4.803853
4.96,-4.850484
4.98,-4.897437
5,-4.943425
5.02,-4.991664
5.04,-5.035722
5.06,-5.085569
5.08,-5.129306
5.1,-5.171113
5.12,-5.212599
5.14,-5.253763
5.16,-5.292354
5.18,-5.330302
5.2,-5.364391
5.22,-5.39848
5.24,-5.433212
5.26,-5.46698
5.28,-5.496888
5.3,-5.525831
5.32,-5.555418
5.34,-5.584362
5.36,-5.609767
5.38,-5.633244
5.4,-5.65865
5.42,-5.682448
5.44,-5.706889
5.46,-5.726506
5.48,-5.741621
5.5,-5.755771
5.52,-5.765741
5.54,-5.775388
5.56,-5.784715
5.58,-5.790825
5.6,-5.795006
5.62,-5.795006
5.64,-5.799508
5.66,-5.799829
5.68,-5.804975
5.7,-5.804653
5.72,-5.809799
5.74,-5.81012
5.76,-5.814944
5.78,-5.819768
5.8,-5.824271
5.82,-5.830059
5.84,-5.834562
5.86,-5.844531
5.88,-5.854179
5.9,-5.864791
5.92,-5.877977
5.94,-5.889554
5.96,-5.902418
5.98,-5.921392
6,-5.936507
6.02,-5.952265
6.04,-5.966094
6.06,-5.983138
6.08,-6.000504
6.1,-6.015297
6.12,-6.029126
6.14,-6.044241
6.16,-6.054853
6.18,-6.063215
6.2,-6.064501
6.22,-6.063858
6.24,-6.059677
6.26,-6.049708
6.28,-6.034915
6.3,-6.015619
6.32,-5.990213
6.34,-5.960626
6.36,-5.930075
6.38,-5.893735
6.4,-5.8545
6.42,-5.814623
6.44,-5.770886
6.46,-5.726506
6.48,-5.676016
6.5,-5.621666
6.52,-5.566352
6.54,-5.508787
6.56,-5.450578
6.58,-5.390119
6.6,-5.330946
6.62,-5.266627
6.64,-5.201665
6.66,-5.134452
6.68,-5.070776
6.7,-5.006779
6.72,-4.944068
6.74,-4.885538
6.76,-4.830224
6.78,-4.778447
6.8,-4.727957
6.82,-4.684542
6.84,-4.640162
6.86,-4.601571
6.88,-4.566517
6.9,-4.533393
6.92,-4.504128
6.94,-4.478722
6.96,-4.454281
6.98,-4.434985
7,-4.420192
7.02,-4.405398
7.04,-4.39575
7.06,-4.385781
7.08,-4.381279
7.1,-4.376455
7.12,-4.376455
7.14,-4.375812
7.16,-4.376133
7.18,-4.381279
7.2,-4.386103
7.22,-4.386103
7.24,-4.390926
7.26,-4.395429
7.28,-4.400896
7.3,-4.401218
7.32,-4.406041
7.34,-4.405398
7.36,-4.405398
7.38,-4.406041
7.4,-4.406041
7.42,-4.405077
7.44,-4.406041
7.46,-4.405077
7.48,-4.410544
7.5,-4.415368
7.52,-4.420513
7.54,-4.430483
7.56,-4.445276
7.58,-4.454924
7.6,-4.469074
7.62,-4.484189
7.64,-4.498339
7.66,-4.513454
7.68,-4.527926
7.7,-4.545292
7.72,-4.561693
7.74,-4.576808
7.76,-4.59128
7.78,-4.606073
7.8,-4.62569
7.82,-4.644664
7.84,-4.669748
7.86,-4.69419
7.88,-4.721203
7.9,-4.753684
7.92,-4.787452
7.94,-4.826043
7.96,-4.867207
7.98,-4.908693
8,-4.958218
8.02,-5.001955
8.04,-5.051159
8.06,-5.100041
8.08,-5.148923
8.1,-5.197806
8.12,-5.242507
8.14,-5.288817
8.16,-5.330302
8.18,-5.373396
8.2,-5.413917
8.22,-5.45283
8.24,-5.48917
8.26,-5.525831
8.28,-5.55992
8.3,-5.594653
8.32,-5.62842
8.34,-5.663152
8.36,-5.697563
8.38,-5.73133
8.4,-5.768635
8.42,-5.804975
8.44,-5.844209
8.46,-5.886981
8.48,-5.927181
8.5,-5.968988
8.52,-6.010795
8.54,-6.051959
8.56,-6.092802
8.58,-6.132358
8.6,-6.166768
8.62,-6.201179
8.64,-6.235268
8.66,-6.27
8.68,-6.299265
8.7,-6.32853
8.72,-6.352328
8.74,-6.377412
8.76,-6.396708
8.78,-6.416003
8.8,-6.434977
8.82,-6.450092
8.84,-6.460062
8.86,-6.475498
8.88,-6.480001
8.9,-6.489648
8.92,-6.489327
8.94,-6.484825
8.96,-6.480001
8.98,-6.465529
9,-6.450736
9.02,-6.42533
9.04,-6.391884
9.06,-6.352649
9.08,-6.308269
9.1,-6.259387
9.12,-6.205681
9.14,-6.149402
9.16,-6.089264
9.18,-6.027196
9.2,-5.962556
9.22,-5.895343
9.24,-5.829416
9.26,-5.76156
9.28,-5.69306
9.3,-5.624561
9.32,-5.556383
9.34,-5.484024
9.36,-5.415846
9.38,-5.344774
9.4,-5.276275
9.42,-5.209705
9.44,-5.144421
9.46,-5.078173
9.48,-5.014497
9.5,-4.954037
9.52,-4.892291
9.54,-4.835369
9.56,-4.781985
9.58,-4.730208
9.6,-4.683899
9.62,-4.642413
9.64,-4.6035
9.66,-4.567803
9.68,-4.535001
9.7,-4.505414
9.72,-4.479365
9.74,-4.459104
9.76,-4.439809
9.78,-4.425015
9.8,-4.410544
9.82,-4.396394
9.84,-4.386103
9.86,-4.375812
9.88,-4.370988
9.9,-4.366164
9.92,-4.361018
9.94,-4.356838
9.96,-4.356516
9.98,-4.35137
10,-4.351692
10.02,-4.345903
10.04,-4.342044
10.06,-4.337542
10.08,-4.33304
10.1,-4.331753
10.12,-4.327251
10.14,-4.322427
10.16,-4.312779
10.18,-4.307955
10.2,-4.30281
10.22,-4.30281
10.24,-4.298307
10.26,-4.297664
10.28,-4.30281
10.3,-4.307634
10.32,-4.312458
10.34,-4.321784
10.36,-4.33722
10.38,-4.351692
10.4,-4.366485
10.42,-4.385781
10.44,-4.405398
10.46,-4.424694
10.48,-4.444633
10.5,-4.466823
10.52,-4.489013
10.54,-4.50863
10.56,-4.527926
10.58,-4.547221
10.6,-4.56716
10.62,-4.586456
10.64,-4.606073
10.66,-4.620866
10.68,-4.635016
10.7,-4.652382
10.72,-4.667176
10.74,-4.679718
10.76,-4.69419
10.78,-4.708661
10.8,-4.723455
10.82,-4.732781
10.84,-4.748217
10.86,-4.757544
10.88,-4.772015
10.9,-4.782949
10.92,-4.791954
10.94,-4.80128
10.96,-4.815752
10.98,-4.828616
11,-4.845982
11.02,-4.860132
11.04,-4.880071
11.06,-4.899688
11.08,-4.919627
11.1,-4.938279
11.12,-4.95854
11.14,-4.975906
11.16,-4.991664
11.18,-5.011281
11.2,-5.026074
11.22,-5.040546
11.24,-5.055983
11.26,-5.071098
11.28,-5.085248
11.3,-5.095217
11.32,-5.110011
11.34,-5.124804
11.36,-5.134452
11.38,-5.144421
11.4,-5.158893
11.42,-5.168862
11.44,-5.178832
11.46,-5.183334
11.48,-5.192982
11.5,-5.203273
11.52,-5.207775
11.54,-5.213242
11.56,-5.218066
11.58,-5.222568
11.6,-5.227714
11.62,-5.227071
11.64,-5.231895
11.66,-5.232216
11.68,-5.233181
11.7,-5.226749
11.72,-5.227714
11.74,-5.222568
11.76,-5.22289
11.78,-5.217423
11.8,-5.212921
11.82,-5.207775
11.84,-5.203273
11.86,-5.20263
11.88,-5.197806
11.9,-5.193625
11.92,-5.193625
11.94,-5.187836
11.96,-5.183656
11.98,-5.183977
12,-5.17851
12.02,-5.173686
12.04,-5.168541
12.06,-5.165325
12.08,-5.163395
12.1,-5.159214
12.12,-5.154069
12.14,-5.148923
12.16,-5.144421
12.18,-5.138954
12.2,-5.129306
12.22,-5.125447
12.24,-5.114513
12.26,-5.105187
12.28,-5.090072
12.3,-5.075278
12.32,-5.061128
12.34,-5.041833
12.36,-5.022215
12.38,-4.997131
12.4,-4.978157
12.42,-4.954359
12.44,-4.92831
12.46,-4.905155
12.48,-4.884573
12.5,-4.860454
12.52,-4.836656
12.54,-4.816074
12.56,-4.796778
12.58,-4.777161
12.6,-4.758187
12.62,-4.737283
12.64,-4.724098
12.66,-4.708983
12.68,-4.693546
12.7,-4.679718
12.72,-4.667497
12.74,-4.654634
12.76,-4.639197
12.78,-4.626012
12.8,-4.610575
12.82,-4.595782
12.84,-4.577773
12.86,-4.552045
12.88,-4.528569
12.9,-4.49866
12.92,-4.464572
12.94,-4.429518
12.96,-4.390605
12.98,-4.35137
13,-4.312136
13.02,-4.267434
13.04,-4.226914
13.06,-4.185428
13.08,-4.14748
13.1,-4.10503
13.12,-4.066117
13.14,-4.029455
13.16,-3.989899
13.18,-3.954845
13.2,-3.921399
13.22,-3.887632
13.24,-3.853221
13.26,-3.823956
13.28,-3.794048
13.3,-3.764462
13.32,-3.740664
13.34,-3.715258
13.36,-3.688244
13.38,-3.666375
13.4,-3.643221
13.42,-3.623282
13.44,-3.603665
13.46,-3.58855
13.48,-3.569897
13.5,-3.559285
13.52,-3.548994
13.54,-3.539667
13.56,-3.535165
13.58,-3.534843
13.6,-3.540311
13.62,-3.545456
13.64,-3.555104
13.66,-3.565073
13.68,-3.578902
13.7,-3.601092
13.72,-3.626176
13.74,-3.657049
13.76,-3.691138
13.78,-3.734875
13.8,-3.779255
13.82,-3.828137
13.84,-3.877341
13.86,-3.930726
13.88,-3.979608
13.9,-4.033636
13.92,-4.087985
13.94,-4.139762
13.96,-4.18993
13.98,-4.23624
14,-4.282871
14.02,-4.322427
14.04,-4.36134
14.06,-4.396072
14.08,-4.429196
14.1,-4.459748
14.12,-4.488048
14.14,-4.513454
14.16,-4.542719
14.18,-4.56716
14.2,-4.596425
14.22,-4.621188
14.24,-4.645307
14.26,-4.668462
14.28,-4.693546
14.3,-4.713164
14.32,-4.733102
14.34,-4.753363
14.36,-4.772658
14.38,-4.786809
14.4,-4.802245
14.42,-4.820254
14.44,-4.836012
14.46,-4.850484
14.48,-4.865921
14.5,-4.884573
14.52,-4.903869
14.54,-4.924129
14.56,-4.94857
14.58,-4.97269
14.6,-5.002277
14.62,-5.028647
14.64,-5.059842
14.66,-5.090393
14.68,-5.123517
14.7,-5.15439
14.72,-5.188158
14.74,-5.218388
14.76,-5.251512
14.78,-5.281098
14.8,-5.309399
14.82,-5.339629
14.84,-5.369215
14.86,-5.398802
14.88,-5.427424
14.9,-5.452508
14.92,-5.482095
14.94,-5.507501
14.96,-5.530977
14.98,-5.55574
15,-5.579216
15.02,-5.599476
15.04,-5.624561
15.06,-5.643856
15.08,-5.662509
15.1,-5.682769
15.12,-5.696598
15.14,-5.711713
15.16,-5.725863
15.18,-5.731008
15.2,-5.740978
15.22,-5.74548
15.24,-5.745802
15.26,-5.745802
15.28,-5.746123
15.3,-5.746123
15.32,-5.741621
15.34,-5.735832
15.36,-5.736797
15.38,-5.731008
15.4,-5.726506
15.42,-5.722004
15.44,-5.717501
15.46,-5.711713
15.48,-5.707532
15.5,-5.702708
15.52,-5.696919
15.54,-5.697241
15.56,-5.692739
15.58,-5.688236
15.6,-5.682769
15.62,-5.677945
15.64,-5.673443
15.66,-5.663795
15.68,-5.658328
15.7,-5.653504
15.72,-5.644178
15.74,-5.633244
15.76,-5.623596
15.78,-5.613305
15.8,-5.60012
15.82,-5.585005
15.84,-5.565066
15.86,-5.550594
15.88,-5.53162
15.9,-5.51136
15.92,-5.490778
15.94,-5.472447
15.96,-5.451865
15.98,-5.433534
16,-5.411666
16.02,-5.389476
16.04,-5.365034
16.06,-5.340915
16.08,-5.315831
16.1,-5.28142
16.12,-5.246688
16.14,-5.212921
16.16,-5.173686
16.18,-5.134452
16.2,-5.095539
16.22,-5.051802
16.24,-5.007744
16.26,-4.963364
16.28,-4.919305
16.3,-4.870101
16.32,-4.821219
16.34,-4.775874
16.36,-4.728279
16.38,-4.680361
16.4,-4.63373
16.42,-4.585812
16.44,-4.542076
16.46,-4.497696
16.48,-4.459426
16.5,-4.423086
16.52,-4.390926
16.54,-4.360375
16.56,-4.332396
16.58,-4.307955
16.6,-4.282871
16.62,-4.263575
16.64,-4.244601
16.66,-4.228843
16.68,-4.217587
16.7,-4.205045
16.72,-4.200221
16.74,-4.195397
16.76,-4.190573
16.78,-4.190895
16.8,-4.185106
16.82,-4.18993
16.84,-4.18993
16.86,-4.18993
16.88,-4.18993
16.9,-4.190252
16.92,-4.195397
16.94,-4.195076
16.96,-4.194433
16.98,-4.195397
17,-4.194754
17.02,-4.194754
17.04,-4.194754
17.06,-4.190252
17.08,-4.185428
17.1,-4.176423
17.12,-4.170313
17.14,-4.160987
17.16,-4.150696
17.18,-4.140083
17.2,-4.130757
17.22,-4.121752
17.24,-4.111783
17.26,-4.102457
17.28,-4.097311
17.3,-4.092809
17.32,-4.087342
17.34,-4.08284
17.36,-4.077694
17.38,-4.081875
17.4,-4.082518
17.42,-4.087663
17.44,-4.097311
17.46,-4.111783
17.48,-4.126255
17.5,-4.140726
17.52,-4.155841
17.54,-4.17578
17.56,-4.190252
17.58,-4.205367
17.6,-4.218874
17.62,-4.234632
17.64,-4.249104
17.66,-4.259395
17.68,-4.273866
17.7,-4.282871
17.72,-4.29284
17.74,-4.30281
17.76,-4.312458
17.78,-4.327572
17.8,-4.33722
17.82,-4.348798
17.84,-4.361018
17.86,-4.371309
17.88,-4.386103
17.9,-4.395429
17.92,-4.410222
17.94,-4.424372
17.96,-4.439166
17.98,-4.454281
18,-4.469717
18.02,-4.482902
18.04,-4.502198
18.06,-4.517956
18.08,-4.537252
18.1,-4.562336
18.12,-4.586134
18.14,-4.616042
18.16,-4.644664
18.18,-4.672964
18.2,-4.703194
18.22,-4.732781
18.24,-4.762046
18.26,-4.796135
18.28,-4.826043
18.3,-4.854987
18.32,-4.886181
18.34,-4.918019
18.36,-4.945033
18.38,-4.973333
18.4,-5.001633
18.42,-5.028969
18.44,-5.055983
18.46,-5.085891
18.48,-5.114191
18.5,-5.145064
18.52,-5.183012
18.54,-5.219031
18.56,-5.262124
18.58,-5.305861
18.6,-5.356995
18.62,-5.40845
18.64,-5.466015
18.66,-5.525188
18.68,-5.584683
18.7,-5.648037
18.72,-5.71107
18.74,-5.769921
18.76,-5.829416
18.78,-5.886981
18.8,-5.942296
18.82,-5.995037
18.84,-6.044241
18.86,-6.088621
18.88,-6.131393
18.9,-6.172557
18.92,-6.207932
18.94,-6.243951
18.96,-6.27611
18.98,-6.308591
19,-6.338178
19.02,-6.367764
19.04,-6.396065
19.06,-6.42533
19.08,-6.450414
19.1,-6.479679
19.12,-6.504442
19.14,-6.529526
19.16,-6.555575
19.18,-6.581946
19.2,-6.603171
19.22,-6.626647
19.24,-6.650767
19.26,-6.669741
19.28,-6.694504
19.3,-6.714121
19.32,-6.73406
19.34,-6.75432
19.36,-6.772008
19.38,-6.787444
19.4,-6.801916
19.42,-6.82089
19.44,-6.836005
19.46,-6.848226
19.48,-6.861411
19.5,-6.875883
19.52,-6.885852
19.54,-6.8955
19.56,-6.905791
19.58,-6.914796
19.6,-6.924122
19.62,-6.929589
19.64,-6.934091
19.66,-6.939558
19.68,-6.943739
19.7,-6.948885
19.72,-6.948563
19.74,-6.949206
19.76,-6.948885
19.78,-6.948241
19.8,-6.949206
19.82,-6.944061
19.84,-6.939558
19.86,-6.939237
19.88,-6.93377
19.9,-6.929589
19.92,-6.929267
19.94,-6.924443
19.96,-6.920263
19.98,-6.914474
20,-6.909972
20.02,-6.905148
20.04,-6.903861
20.06,-6.899037
20.08,-6.890033
20.1,-6.885531
20.12,-6.880385
20.14,-6.876204
20.16,-6.865913
20.18,-6.855301
20.2,-6.846296
20.22,-6.835362
20.24,-6.822498
20.26,-6.807062
20.28,-6.79259
20.3,-6.777797
20.32,-6.761717
20.34,-6.743386
20.36,-6.726985
20.38,-6.709619
20.4,-6.688072
20.42,-6.66556
20.44,-6.640798
20.46,-6.616678
20.48,-6.587735
20.5,-6.55847
20.52,-6.524381
20.54,-6.489648
20.56,-6.451057
20.58,-6.411501
20.6,-6.370659
20.62,-6.324028
20.64,-6.27804
20.66,-6.229801
20.68,-6.176738
20.7,-6.123353
20.72,-6.069325
20.74,-6.016584
20.76,-5.962234
20.78,-5.907563
20.8,-5.852249
20.82,-5.796292
20.84,-5.741943
20.86,-5.68888
20.88,-5.637103
20.9,-5.585648
20.92,-5.535479
20.94,-5.48724
20.96,-5.441574
20.98,-5.395264
21,-5.34992
21.02,-5.306826
21.04,-5.266627
21.06,-5.226428
21.08,-5.18462
21.1,-5.145064
21.12,-5.109689
21.14,-5.072062
21.16,-5.037009
21.18,-5.003241
21.2,-4.973011
21.22,-4.939566
21.24,-4.912873
21.26,-4.885538
21.28,-4.865278
21.3,-4.845339
21.32,-4.826043
21.34,-4.811571
21.36,-4.796778
21.38,-4.78713
21.4,-4.777161
21.42,-4.772337
21.44,-4.767513
21.46,-4.762689
21.48,-4.757544
21.5,-4.757544
21.52,-4.757222
21.54,-4.757544
21.56,-4.762367
21.58,-4.763011
21.6,-4.767513
21.62,-4.777161
21.64,-4.787773
21.66,-4.80128
21.68,-4.820254
21.7,-4.835691
21.72,-4.855308
21.74,-4.880071
21.76,-4.90001
21.78,-4.923808
21.8,-4.94857
21.82,-4.977514
21.84,-5.006779
21.86,-5.041511
21.88,-5.074314
21.9,-5.109367
21.92,-5.144421
21.94,-5.178832
21.96,-5.213885
21.98,-5.251512
22,-5.286244
22.02,-5.321298
22.04,-5.359567
22.06,-5.3943
22.08,-5.431604
22.1,-5.467623
22.12,-5.506536
22.14,-5.54577
22.16,-5.585005
22.18,-5.627777
22.2,-5.668941
22.22,-5.713642
22.24,-5.757379
22.26,-5.803689
22.28,-5.848069
22.3,-5.888268
22.32,-5.930718
22.34,-5.967701
22.36,-6.005971
22.38,-6.039417
22.4,-6.073506
22.42,-6.103093
22.44,-6.132358
22.46,-6.156799
22.48,-6.182205
22.5,-6.206324
22.52,-6.226585
22.54,-6.250383
22.56,-6.269357
22.58,-6.289617
22.6,-6.308913
22.62,-6.324349
22.64,-6.343323
22.66,-6.361332
22.68,-6.377091
22.7,-6.397029
22.72,-6.416003
22.74,-6.435942
22.76,-6.455559
22.78,-6.473247
22.8,-6.489005
22.82,-6.509266
22.84,-6.523416
22.86,-6.538209
22.88,-6.553967
22.9,-6.567796
22.92,-6.581946
22.94,-6.597061
22.96,-6.60703
22.98,-6.615713
23,-6.63115
23.02,-6.641119
23.04,-6.651732
23.06,-6.655591
23.08,-6.665239
23.1,-6.67553
23.12,-6.679067
23.14,-6.684856
23.16,-6.694825
23.18,-6.699328
23.2,-6.699328
23.22,-6.704473
23.24,-6.704473
23.26,-6.704795
23.28,-6.704473
23.3,-6.704795
23.32,-6.699649
23.34,-6.694504
23.36,-6.694182
23.38,-6.68968
23.4,-6.685178
23.42,-6.684856
23.44,-6.680354
23.46,-6.680032
23.48,-6.680997
23.5,-6.680032
23.52,-6.680354
23.54,-6.680675
23.56,-6.680032
23.58,-6.680032
23.6,-6.680032
23.62,-6.67971
23.64,-6.685178
23.66,-6.685178
23.68,-6.685178
23.7,-6.67971
23.72,-6.680032
23.74,-6.67553
23.76,-6.669741
23.78,-6.661701
23.8,-6.651089
23.82,-6.635974
23.84,-6.616678
23.86,-6.597382
23.88,-6.57262
23.9,-6.543355
23.92,-6.514733
23.94,-6.479679
23.96,-6.436907
23.98,-6.391562
24,-6.346861
24.02,-6.295084
24.04,-6.245559
24.06,-6.196355
24.08,-6.143292
24.1,-6.093445
24.12,-6.044562
24.14,-5.991821
24.16,-5.938115
24.18,-5.883444
24.2,-5.824592
24.22,-5.766705
24.24,-5.70721
24.26,-5.647394
24.28,-5.585326
24.3,-5.522294
24.32,-5.461513
24.34,-5.397837
24.36,-5.335448
24.38,-5.275953
24.4,-5.217423
24.42,-5.16243
24.44,-5.109367
24.46,-5.055983
24.48,-5.007422
24.5,-4.962399
24.52,-4.919305
24.54,-4.878784
24.56,-4.840515
24.58,-4.805783
24.6,-4.775874
24.62,-4.747896
24.64,-4.723455
24.66,-4.69837
24.68,-4.679075
24.7,-4.660101
24.72,-4.644664
24.74,-4.630192
24.76,-4.615399
24.78,-4.601892
24.8,-4.59128
24.82,-4.581632
24.84,-4.572305
24.86,-4.562979
24.88,-4.556869
24.9,-4.548829
24.92,-4.542719
24.94,-4.537895
24.96,-4.532749
24.98,-4.527604
25,-4.52278
25.02,-4.517635
25.04,-4.512167
25.06,-4.507022
25.08,-4.504771
25.1,-4.502841
25.12,-4.50252
25.14,-4.503484
25.16,-4.503163
25.18,-4.507987
25.2,-4.507665
25.22,-4.513454
25.24,-4.513132
25.26,-4.517313
25.28,-4.522458
25.3,-4.52278
25.32,-4.523102
25.34,-4.526961
25.36,-4.527282
25.38,-4.527604
25.4,-4.527926
25.42,-4.527926
25.44,-4.527604
25.46,-4.52278
25.48,-4.522137
25.5,-4.52278
25.52,-4.517956
25.54,-4.517635
25.56,-4.52278
25.58,-4.522458
25.6,-4.532749
25.62,-4.542719
25.64,-4.557191
25.66,-4.576486
25.68,-4.600927
25.7,-4.630192
25.72,-4.664925
25.74,-4.703516
25.76,-4.743072
25.78,-4.78713
25.8,-4.836656
25.82,-4.891005
25.84,-4.946962
25.86,-5.002598
25.88,-5.060485
25.9,-5.11805
25.92,-5.174329
25.94,-5.231251
25.96,-5.284958
25.98,-5.335448
26,-5.388511
26.02,-5.438036
26.04,-5.490135
26.06,-5.539982
26.08,-5.589185
26.1,-5.638711
26.12,-5.687915
26.14,-5.737119
26.16,-5.785679
26.18,-5.837456
26.2,-5.886981
26.22,-5.936828
26.24,-5.986032
26.26,-6.034271
26.28,-6.084118
26.3,-6.132036
26.32,-6.180597
26.34,-6.22562
26.36,-6.269678
26.38,-6.312129
26.4,-6.351685
26.42,-6.387703
26.44,-6.424365
26.46,-6.455559
26.48,-6.489005
26.5,-6.518913
26.52,-6.547535
26.54,-6.57262
26.56,-6.597061
26.58,-6.616356
26.6,-6.635974
26.62,-6.655269
26.64,-6.675208
26.66,-6.690323
26.68,-6.704795
26.7,-6.719588
26.72,-6.728914
26.74,-6.742421
26.76,-6.74821
26.78,-6.758501
26.8,-6.763646
26.82,-6.768792
26.84,-6.772651
26.86,-6.772651
26.88,-6.772651
26.9,-6.777797
26.92,-6.777797
26.94,-6.777475
26.96,-6.778118
26.98,-6.777475
27,-6.773294
27.02,-6.773294
27.04,-6.773294
27.06,-6.772651
27.08,-6.773294
27.1,-6.773294
27.12,-6.773294
27.14,-6.772329
27.16,-6.773616
27.18,-6.772651
27.2,-6.772651
27.22,-6.772651
27.24,-6.772329
27.26,-6.773294
27.28,-6.772973
27.3,-6.773616
27.32,-6.772973
27.34,-6.773294
27.36,-6.772329
27.38,-6.772973
27.4,-6.772651
27.42,-6.767827
27.44,-6.763325
27.46,-6.758501
27.48,-6.753355
27.5,-6.744029
27.52,-6.73406
27.54,-6.719266
27.56,-6.704473
27.58,-6.685178
27.6,-6.659772
27.62,-6.632758
27.64,-6.602206
27.66,-6.564258
27.68,-6.524702
27.7,-6.480001
27.72,-6.431118
27.74,-6.379342
27.76,-6.323063
27.78,-6.265497
27.8,-6.205681
27.82,-6.137181
27.84,-6.063536
27.86,-5.986354
27.88,-5.902418
27.9,-5.815588
27.92,-5.728114
27.94,-5.635173
27.96,-5.542554
27.98,-5.448971
28,-5.355387
28.02,-5.262124
28.04,-5.17047
28.06,-5.080745
28.08,-4.993915
28.1,-4.91416
28.12,-4.836977
28.14,-4.76687
28.16,-4.699013
28.18,-4.637267
28.2,-4.58131
28.22,-4.529855
28.24,-4.480008
28.26,-4.439487
28.28,-4.400574
28.3,-4.366485
28.32,-4.338507
28.34,-4.317925
28.36,-4.297986
28.38,-4.283193
28.4,-4.273545
28.42,-4.268399
28.44,-4.263254
28.46,-4.263575
28.48,-4.268721
28.5,-4.269042
28.52,-4.273545
28.54,-4.278369
28.56,-4.283193
28.58,-4.292519
28.6,-4.297664
28.62,-4.297986
28.64,-4.302488
28.66,-4.303131
28.68,-4.297664
28.7,-4.297986
28.72,-4.297664
28.74,-4.297664
28.76,-4.297021
28.78,-4.303453
28.8,-4.302488
28.82,-4.307634
28.84,-4.317603
28.86,-4.322749
28.88,-4.332075
28.9,-4.342366
28.92,-4.356838
28.94,-4.366164
28.96,-4.380957
28.98,-4.396072
29,-4.410222
29.02,-4.428553
29.04,-4.444633
29.06,-4.459748
29.08,-4.474219
29.1,-4.484832
29.12,-4.49866
29.14,-4.507987
29.16,-4.520529
29.18,-4.532106
29.2,-4.542397
29.22,-4.557191
29.24,-4.566838
29.26,-4.581632
29.28,-4.590958
29.3,-4.601892
29.32,-4.610897
29.34,-4.620866
29.36,-4.635338
29.38,-4.644986
29.4,-4.659779
29.42,-4.674894
29.44,-4.688401
29.46,-4.699335
29.48,-4.713485
29.5,-4.727314
29.52,-4.741142
29.54,-4.752398
29.56,-4.771694
29.58,-4.787773
29.6,-4.809963
29.62,-4.834726
29.64,-4.860775
29.66,-4.89004
29.68,-4.919305
29.7,-4.953073
29.72,-4.982016
29.74,-5.01707
29.76,-5.050837
29.78,-5.083961
29.8,-5.114191
29.82,-5.144421
29.84,-5.173365
29.86,-5.203594
29.88,-5.226749
29.9,-5.252477
29.92,-5.276275
29.94,-5.301037
29.96,-5.325478
29.98,-5.349276
30,-5.37018
30.02,-5.393335
30.04,-5.418419
30.06,-5.437715
30.08,-5.457654
30.1,-5.481451
30.12,-5.505893
30.14,-5.527439
30.16,-5.551881
30.18,-5.570533
30.2,-5.592401
30.22,-5.613305
30.24,-5.633244
30.26,-5.658007
30.28,-5.677624
30.3,-5.702387
30.32,-5.721039
30.34,-5.735511
30.36,-5.756093
30.38,-5.7696
30.4,-5.780212
30.42,-5.794362
30.44,-5.804653
30.46,-5.810442
30.48,-5.820733
30.5,-5.830059
30.52,-5.834883
30.54,-5.839707
30.56,-5.843566
30.58,-5.852892
30.6,-5.85836
30.62,-5.864148
30.64,-5.872831
30.66,-5.878942
30.68,-5.883444
30.7,-5.89277
30.72,-5.897916
30.74,-5.907242
30.76,-5.917533
30.78,-5.922357
30.8,-5.931361
30.82,-5.936507
30.84,-5.946798
30.86,-5.952265
30.88,-5.95741
30.9,-5.96127
30.92,-5.966415
30.94,-5.966415
30.96,-5.970917
30.98,-5.971239
31,-5.970917
31.02,-5.970917
31.04,-5.96545
31.06,-5.963199
31.08,-5.957089
31.1,-5.951943
31.12,-5.942617
31.14,-5.933291
31.16,-5.921714
31.18,-5.907242
31.2,-5.893092
31.22,-5.878942
31.24,-5.859003
31.26,-5.839707
31.28,-5.819447
31.3,-5.794362
31.32,-5.770243
31.34,-5.745159
31.36,-5.719109
31.38,-5.692739
31.4,-5.663474
31.42,-5.632601
31.44,-5.604622
31.46,-5.569568
31.48,-5.53773
31.5,-5.506536
31.52,-5.468588
31.54,-5.433534
31.56,-5.3943
31.58,-5.350563
31.6,-5.304896
31.62,-5.262446
31.64,-5.217101
31.66,-5.173686
31.68,-5.129628
31.7,-5.087499
31.72,-5.046013
31.74,-5.003563
31.76,-4.959505
31.78,-4.919305
31.8,-4.877498
31.82,-4.836012
31.84,-4.796456
31.86,-4.757865
31.88,-4.718309
31.9,-4.683577
31.92,-4.64981
31.94,-4.620223
31.96,-4.59128
31.98,-4.561371
32,-4.53693
32.02,-4.513775
32.04,-4.488369
32.06,-4.46425
32.08,-4.444311
32.1,-4.424694
32.12,-4.409579
32.14,-4.390605
32.16,-4.376133
32.18,-4.357159
32.2,-4.341401
32.22,-4.328859
32.24,-4.317281
32.26,-4.303131
32.28,-4.294127
32.3,-4.28866
32.32,-4.279012
32.34,-4.273545
32.36,-4.26454
32.38,-4.25843
32.4,-4.253927
32.42,-4.24846
32.44,-4.243958
32.46,-4.240099
32.48,-4.233989
32.5,-4.23431
32.52,-4.229808
32.54,-4.229808
32.56,-4.229486
32.58,-4.229165
32.6,-4.229808
32.62,-4.233667
32.64,-4.238813
32.66,-4.244923
32.68,-4.248139
32.7,-4.259395
32.72,-4.270007
32.74,-4.278369
32.76,-4.287695
32.78,-4.297986
32.8,-4.312136
32.82,-4.325643
32.84,-4.336256
32.86,-4.35137
32.88,-4.369058
32.9,-4.385459
32.92,-4.40572
32.94,-4.425015
32.96,-4.443346
32.98,-4.464572
33,-4.483867
33.02,-4.503484
33.04,-4.52085
33.06,-4.537252
33.08,-4.556547
33.1,-4.576808
33.12,-4.600606
33.14,-4.620545
33.16,-4.646272
33.18,-4.672643
33.2,-4.699013
33.22,-4.723776
33.24,-4.748539
33.26,-4.772337
33.28,-4.7971
33.3,-4.823792
33.32,-4.850484
33.34,-4.875569
33.36,-4.905155
33.38,-4.92831
33.4,-4.959183
33.42,-4.985554
33.44,-5.012889
33.46,-5.041833
33.48,-5.071419
33.5,-5.095539
33.52,-5.124482
33.54,-5.148923
33.56,-5.17658
33.58,-5.203594
33.6,-5.226749
33.62,-5.256979
33.64,-5.286887
33.66,-5.315831
33.68,-5.345096
33.7,-5.378541
33.72,-5.409093
33.74,-5.442217
33.76,-5.472125
33.78,-5.506857
33.8,-5.540625
33.82,-5.573427
33.84,-5.603336
33.86,-5.63646
33.88,-5.663152
33.9,-5.691774
33.92,-5.715893
33.94,-5.737119
33.96,-5.75545
33.98,-5.776032
34,-5.790182
34.02,-5.800473
34.04,-5.814944
34.06,-5.823949
34.08,-5.836813
34.1,-5.848712
34.12,-5.863827
34.14,-5.878942
34.16,-5.893413
34.18,-5.907563
34.2,-5.927502
34.22,-5.947119
34.24,-5.968988
34.26,-5.991499
34.28,-6.015297
34.3,-6.037487
34.32,-6.059999
34.34,-6.083797
34.36,-6.106952
34.38,-6.127534
34.4,-6.147151
34.42,-6.166447
34.44,-6.186385
34.46,-6.201179
34.48,-6.215972
34.5,-6.230122
34.52,-6.240413
34.54,-6.25392
34.56,-6.265497
34.58,-6.274824
34.6,-6.28415
34.62,-6.289295
34.64,-6.297978
34.66,-6.304089
34.68,-6.309556
34.7,-6.313737
34.72,-6.317596
34.74,-6.318239
34.76,-6.323063
34.78,-6.322741
34.8,-6.318882
34.82,-6.314701
34.84,-6.299265
34.86,-6.284793
34.88,-6.269357
34.9,-6.247167
34.92,-6.224655
34.94,-6.200857
34.96,-6.172235
34.98,-6.147794
35,-6.117564
35.02,-6.088621
35.04,-6.063215
35.06,-6.035236
35.08,-6.010152
35.1,-5.986032
35.12,-5.96545
35.14,-5.943904
35.16,-5.926859
35.18,-5.907563
35.2,-5.893092
35.22,-5.87862
35.24,-5.864148
35.26,-5.849033
35.28,-5.834562
35.3,-5.814623
35.32,-5.791468
35.34,-5.768313
35.36,-5.741621
35.38,-5.709462
35.4,-5.675694
35.42,-5.639033
35.44,-5.599155
35.46,-5.555418
35.48,-5.511038
35.5,-5.461834
35.52,-5.412952
35.54,-5.360211
35.56,-5.304896
35.58,-5.247331
35.6,-5.188801
35.62,-5.12609
35.64,-5.065309
35.66,-5.005492
35.68,-4.943746
35.7,-4.885538
35.72,-4.827008
35.74,-4.771694
35.76,-4.715093
35.78,-4.66203
35.8,-4.610897
35.82,-4.557191
35.84,-4.50863
35.86,-4.46425
35.88,-4.421156
35.9,-4.385138
35.92,-4.351049
35.94,-4.324678
35.96,-4.304096
35.98,-4.28866
36,-4.273866
36.02,-4.264218
36.04,-4.25843
36.06,-4.25843
36.08,-4.253606
36.1,-4.259073
36.12,-4.258751
36.14,-4.263897
36.16,-4.268721
36.18,-4.273866
36.2,-4.282871
36.22,-4.288016
36.24,-4.297986
36.26,-4.307955
36.28,-4.317281
36.3,-4.327251
36.32,-4.342044
36.34,-4.356838
36.36,-4.370988
36.38,-4.386103
36.4,-4.397037
36.42,-4.410865
36.44,-4.425015
36.46,-4.439487
36.48,-4.453637
36.5,-4.464572
36.52,-4.4784
36.54,-4.483867
36.56,-4.493515
36.58,-4.498339
36.6,-4.498017
36.62,-4.497696
36.64,-4.497696
36.66,-4.498339
36.68,-4.493515
36.7,-4.488691
36.72,-4.484189
36.74,-4.479043
36.76,-4.474219
36.78,-4.469074
36.8,-4.469717
36.82,-4.463607
36.84,-4.463928
36.86,-4.463928
36.88,-4.468431
36.9,-4.469074
36.92,-4.474541
36.94,-4.482259
36.96,-4.488691
36.98,-4.497696
37,-4.508308
37.02,-4.516991
37.04,-4.528247
37.06,-4.542076
37.08,-4.562658
37.1,-4.581953
37.12,-4.601571
37.14,-4.625047
37.16,-4.655598
37.18,-4.688079
37.2,-4.721203
37.22,-4.757222
37.24,-4.796135
37.26,-4.833761
37.28,-4.870423
37.3,-4.909336
37.32,-4.94439
37.34,-4.978157
37.36,-5.012246
37.38,-5.045049
37.4,-5.076565
37.42,-5.104543
37.44,-5.133487
37.46,-5.158571
37.48,-5.183656
37.5,-5.20263
37.52,-5.223212
37.54,-5.23704
37.56,-5.252477
37.58,-5.261481
37.6,-5.26534
37.62,-5.270486
37.64,-5.271451
37.66,-5.271772
37.68,-5.271451
37.7,-5.271451
37.72,-5.266948
37.74,-5.266627
37.76,-5.265984
37.78,-5.261803
37.8,-5.261481
37.82,-5.260838
37.84,-5.260838
37.86,-5.260838
37.88,-5.265984
37.9,-5.265662
37.92,-5.26727
37.94,-5.271451
37.96,-5.271129
37.98,-5.276596
38,-5.275953
38.02,-5.281098
38.04,-5.281098
38.06,-5.280777
38.08,-5.285922
38.1,-5.285601
38.12,-5.286244
38.14,-5.286887
38.16,-5.291711
38.18,-5.291389
38.2,-5.291068
38.22,-5.295249
38.24,-5.296213
38.26,-5.299751
38.28,-5.30554
38.3,-5.306183
38.32,-5.310042
38.34,-5.314866
38.36,-5.320333
38.38,-5.320655
38.4,-5.325157
38.42,-5.330302
38.44,-5.329659
38.46,-5.329981
38.48,-5.325478
38.5,-5.325478
38.52,-5.320655
38.54,-5.320011
38.56,-5.314866
38.58,-5.311007
38.6,-5.30554
38.62,-5.300716
38.64,-5.296535
38.66,-5.290746
38.68,-5.284314
38.7,-5.276275
38.72,-5.270807
38.74,-5.261481
38.76,-5.256657
38.78,-5.246688
38.8,-5.238005
38.82,-5.228035
38.84,-5.217423
38.86,-5.207453
38.88,-5.192982
38.9,-5.178832
38.92,-5.15825
38.94,-5.138954
38.96,-5.114191
38.98,-5.085891
39,-5.055983
39.02,-5.022215
39.04,-4.987805
39.06,-4.948892
39.08,-4.909014
39.1,-4.865599
39.12,-4.822184
39.14,-4.779412
39.16,-4.735997
39.18,-4.69226
39.2,-4.650774
39.22,-4.606073
39.24,-4.562658
39.26,-4.52278
39.28,-4.483546
39.3,-4.444633
39.32,-4.405077
39.34,-4.371631
39.36,-4.334648
39.38,-4.300559
39.4,-4.266791
39.42,-4.23431
39.44,-4.200864
39.46,-4.170635
39.48,-4.140726
39.5,-4.111783
39.52,-4.087985
39.54,-4.063222
39.56,-4.043605
39.58,-4.024953
39.6,-4.009838
39.62,-3.994723
39.64,-3.984432
39.66,-3.974141
39.68,-3.965458
39.7,-3.960312
39.72,-3.961599
39.74,-3.955167
39.76,-3.955488
39.78,-3.956132
39.8,-3.954845
39.82,-3.960312
39.84,-3.960312
39.86,-3.960634
39.88,-3.966101
39.9,-3.965458
39.92,-3.96996
39.94,-3.970603
39.96,-3.975427
39.98,-3.979608
40,-3.984432
40.02,-3.98411
40.04,-3.989577
40.06,-3.99408
40.08,-3.998582
40.1,-4.004049
40.12,-4.013697
40.14,-4.018199
40.16,-4.023345
40.18,-4.033957
40.2,-4.03846
40.22,-4.047786
40.24,-4.058077
40.26,-4.06483
40.28,-4.073192
40.3,-4.082196
40.32,-4.091844
40.34,-4.107602
40.36,-4.116928
40.38,-4.126898
40.4,-4.138797
40.42,-4.150053
40.44,-4.156485
40.46,-4.166132
40.48,-4.171278
40.5,-4.178353
40.52,-4.18575
40.54,-4.18993
40.56,-4.18993
40.58,-4.195076
40.6,-4.200864
40.62,-4.204402
40.64,-4.210191
40.66,-4.214693
40.68,-4.219517
40.7,-4.225306
40.72,-4.23431
40.74,-4.242672
40.76,-4.24846
40.78,-4.259073
40.8,-4.268721
40.82,-4.283193
40.84,-4.293162
40.86,-4.30699
40.88,-4.321784
40.9,-4.336577
40.92,-4.351049
40.94,-4.366164
40.96,-4.385781
40.98,-4.405077
41,-4.420513
41.02,-4.439487
41.04,-4.459748
41.06,-4.479365
41.08,-4.493193
41.1,-4.50863
41.12,-4.522458
41.14,-4.532428
41.16,-4.541754
41.18,-4.550437
41.2,-4.556547
41.22,-4.562336
41.24,-4.56716
41.26,-4.572305
41.28,-4.576808
41.3,-4.576808
41.32,-4.580989
41.34,-4.590636
41.36,-4.602214
41.38,-4.609932
41.4,-4.626012
41.42,-4.640805
41.44,-4.654634
41.46,-4.674251
41.48,-4.69419
41.5,-4.713485
41.52,-4.734389
41.54,-4.752398
41.56,-4.772337
41.58,-4.793884
41.6,-4.814466
41.62,-4.830867
41.64,-4.851127
41.66,-4.870423
41.68,-4.889397
41.7,-4.906442
41.72,-4.92831
41.74,-4.947284
41.76,-4.972368
41.78,-4.997131
41.8,-5.022215
41.82,-5.0473
41.84,-5.076243
41.86,-5.105508
41.88,-5.13413
41.9,-5.164038
41.92,-5.197484
41.94,-5.227392
41.96,-5.261481
41.98,-5.290746
42,-5.320333
42.02,-5.342523
42.04,-5.361497
42.06,-5.379185
42.08,-5.388511
42.1,-5.398802
42.12,-5.408128
42.14,-5.413595
42.16,-5.418097
42.18,-5.423565
42.2,-5.428388
42.22,-5.433212
42.24,-5.437715
42.26,-5.437072
42.28,-5.442539
42.3,-5.443503
42.32,-5.447041
42.34,-5.447684
42.36,-5.452508
42.38,-5.452508
42.4,-5.451865
42.42,-5.451865
42.44,-5.45283
42.46,-5.452186
42.48,-5.447041
42.5,-5.437393
42.52,-5.427102
42.54,-5.413917
42.56,-5.394621
42.58,-5.369537
42.6,-5.344774
42.62,-5.317117
42.64,-5.286887
42.66,-5.257301
42.68,-5.223533
42.7,-5.189123
42.72,-5.153426
42.74,-5.117407
42.76,-5.080102
42.78,-5.041511
42.8,-5.001955
42.82,-4.959183
42.84,-4.918984
42.86,-4.875569
42.88,-4.827973
42.9,-4.782306
42.92,-4.733424
42.94,-4.688722
42.96,-4.640805
42.98,-4.596103
43,-4.552367
43.02,-4.510559
43.04,-4.471003
43.06,-4.43402
43.08,-4.400896
43.1,-4.371309
43.12,-4.346547
43.14,-4.322749
43.16,-4.302167
43.18,-4.283514
43.2,-4.26647
43.22,-4.248782
43.24,-4.234632
43.26,-4.225627
43.28,-4.210512
43.3,-4.195397
43.32,-4.180926
43.34,-4.161952
43.36,-4.146515
43.38,-4.126255
43.4,-4.106959
43.42,-4.082518
43.44,-4.062901
43.46,-4.040068
43.48,-4.019486
43.5,-3.999225
43.52,-3.979929
43.54,-3.959669
43.56,-3.946484
43.58,-3.93169
43.6,-3.921721
43.62,-3.911108
43.64,-3.911752
43.66,-3.911108
43.68,-3.912073
43.7,-3.921078
43.72,-3.931369
43.74,-3.941338
43.76,-3.95581
43.78,-3.974784
43.8,-3.995044
43.82,-4.014662
43.84,-4.0346
43.86,-4.053253
43.88,-4.072227
43.9,-4.093774
43.92,-4.116928
43.94,-4.136546
43.96,-4.160344
43.98,-4.183498
44,-4.204724
44.02,-4.229486
44.04,-4.253606
44.06,-4.278369
44.08,-4.303453
44.1,-4.328216
44.12,-4.35137
44.14,-4.371631
44.16,-4.392534
44.18,-4.415046
44.2,-4.429518
44.22,-4.449135
44.24,-4.464572
44.26,-4.473898
44.28,-4.488691
44.3,-4.493837
44.32,-4.503806
44.34,-4.514097
44.36,-4.521815
44.38,-4.526961
44.4,-4.537895
44.42,-4.542397
44.44,-4.550115
44.46,-4.556869
44.48,-4.562336
44.5,-4.56716
44.52,-4.571984
44.54,-4.581632
44.56,-4.586777
44.58,-4.591923
44.6,-4.600927
44.62,-4.607038
44.64,-4.610897
44.66,-4.615721
44.68,-4.61958
44.7,-4.625368
44.72,-4.625368
44.74,-4.627298
44.76,-4.630192
44.78,-4.629549
44.8,-4.630192
44.82,-4.630514
44.84,-4.628906
44.86,-4.630192
44.88,-4.631479
44.9,-4.635981
44.92,-4.635981
44.94,-4.635016
44.96,-4.640483
44.98,-4.640162
45,-4.644664
45.02,-4.649166
45.04,-4.654955
45.06,-4.659457
45.08,-4.664281
45.1,-4.669748
45.12,-4.675216
45.14,-4.679075
45.16,-4.688079
45.18,-4.693546
45.2,-4.69837
45.22,-4.703516
45.24,-4.71445
45.26,-4.723776
45.28,-4.727957
45.3,-4.738248
45.32,-4.747574
45.34,-4.762689
45.36,-4.772015
45.38,-4.78713
45.4,-4.801924
45.42,-4.816717
45.44,-4.830545
45.46,-4.846303
45.48,-4.860454
45.5,-4.872996
45.52,-4.884252
45.54,-4.899045
45.56,-4.909014
45.58,-4.918984
45.6,-4.929596
45.62,-4.933455
45.64,-4.938923
45.66,-4.94246
45.68,-4.948249
45.7,-4.948892
45.72,-4.948249
45.74,-4.953073
45.76,-4.954037
45.78,-4.953394
45.8,-4.95854
45.82,-4.958218
45.84,-4.957897
45.86,-4.962399
45.88,-4.963685
45.9,-4.963042
45.92,-4.963042
45.94,-4.968188
45.96,-4.968831
45.98,-4.968509
46,-4.968188
46.02,-4.973333
46.04,-4.973011
46.06,-4.97269
46.08,-4.973011
46.1,-4.973333
46.12,-4.968509
46.14,-4.967866
46.16,-4.963042
46.18,-4.957575
46.2,-4.957897
46.22,-4.953394
46.24,-4.948249
46.26,-4.943425
46.28,-4.938923
46.3,-4.934099
46.32,-4.929596
46.34,-4.924129
46.36,-4.919627
46.38,-4.909014
46.4,-4.905155
46.42,-4.894543
46.44,-4.884895
46.46,-4.875247
46.48,-4.860132
46.5,-4.846625
46.52,-4.826043
46.54,-4.806104
46.56,-4.782628
46.58,-4.759795
46.6,-4.73857
46.62,-4.713807
46.64,-4.688722
46.66,-4.664603
46.68,-4.63984
46.7,-4.615399
46.72,-4.594174
46.74,-4.573913
46.76,-4.556869
46.78,-4.542076
46.8,-4.532428
46.82,-4.517635
46.84,-4.50863
46.86,-4.497696
46.88,-4.488369
46.9,-4.479043
46.92,-4.469074
46.94,-4.459104
46.96,-4.449457
46.98,-4.439809
47,-4.431126
47.02,-4.415046
47.04,-4.405398
47.06,-4.390605
47.08,-4.376133
47.1,-4.361661
47.12,-4.346225
47.14,-4.331753
47.16,-4.317603
47.18,-4.303131
47.2,-4.287695
47.22,-4.273223
47.24,-4.263897
47.26,-4.248782
47.28,-4.234953
47.3,-4.219839
47.32,-4.210191
47.34,-4.195397
47.36,-4.180282
47.38,-4.165811
47.4,-4.150374
47.42,-4.136867
47.44,-4.121752
47.46,-4.106959
47.48,-4.092809
47.5,-4.073192
47.52,-4.05872
47.54,-4.039103
47.56,-4.023666
47.58,-4.004049
47.6,-3.984753
47.62,-3.965136
47.64,-3.945841
47.66,-3.931369
47.68,-3.91143
47.7,-3.896958
47.72,-3.881843
47.74,-3.872196
47.76,-3.858045
47.78,-3.848398
47.8,-3.843252
47.82,-3.838428
47.84,-3.832961
47.86,-3.828137
47.88,-3.823956
47.9,-3.823635
47.92,-3.828459
47.94,-3.833283
47.96,-3.841001
47.98,-3.853221
48,-3.867693
48.02,-3.887632
48.04,-3.909179
48.06,-3.93362
48.08,-3.959991
48.1,-3.989256
48.12,-4.017556
48.14,-4.048107
48.16,-4.078016
48.18,-4.111783
48.2,-4.146837
48.22,-4.180282
48.24,-4.214371
48.26,-4.251355
48.28,-4.288016
48.3,-4.321784
48.32,-4.35941
48.34,-4.394142
48.36,-4.425337
48.38,-4.454281
48.4,-4.482902
48.42,-4.508308
48.44,-4.532428
48.46,-4.552367
48.48,-4.572627
48.5,-4.586456
48.52,-4.604143
48.54,-4.616042
48.56,-4.631157
48.58,-4.643699
48.6,-4.655277
48.62,-4.659457
48.64,-4.669748
48.66,-4.674572
48.68,-4.678753
48.7,-4.679718
48.72,-4.679718
48.74,-4.679396
48.76,-4.674251
48.78,-4.669427
48.8,-4.664281
48.82,-4.659779
48.84,-4.64981
48.86,-4.644664
48.88,-4.635016
48.9,-4.631157
48.92,-4.621188
48.94,-4.610254
48.96,-4.601249
48.98,-4.590958
49,-4.581953
49.02,-4.571341
49.04,-4.562336
49.06,-4.552045
49.08,-4.547221
49.1,-4.537573
49.12,-4.532106
49.14,-4.52278
49.16,-4.517956
49.18,-4.512811
49.2,-4.507987
49.22,-4.503484
49.24,-4.498017
49.26,-4.493515
49.28,-4.488048
49.3,-4.479043
49.32,-4.474219
49.34,-4.468431
49.36,-4.459104
49.38,-4.454281
49.4,-4.449135
49.42,-4.444633
49.44,-4.434985
49.46,-4.430483
49.48,-4.424694
49.5,-4.420513
49.52,-4.414724
49.54,-4.415046
49.56,-4.409901
49.58,-4.40572
49.6,-4.405398
49.62,-4.406041
49.64,-4.40572
49.66,-4.405398
49.68,-4.405398
49.7,-4.40572
49.72,-4.404755
49.74,-4.410222
49.76,-4.410222
49.78,-4.410544
49.8,-4.415046
49.82,-4.414403
49.84,-4.420192
49.86,-4.420192
49.88,-4.425015
49.9,-4.425337
49.92,-4.430483
49.94,-4.430161
49.96,-4.434342
49.98,-4.434342
50,-4.434663
50.02,-4.434342
50.04,-4.434985
50.06,-4.434985
50.08,-4.434985
50.1,-4.434985
50.12,-4.429839
50.14,-4.424694
50.16,-4.420513
50.18,-4.410544
50.2,-4.396072
50.22,-4.380635
50.24,-4.370666
50.26,-4.356516
50.28,-4.341079
50.3,-4.32918
50.32,-4.317281
50.34,-4.304418
50.36,-4.29284
50.38,-4.283514
50.4,-4.273223
50.42,-4.263575
50.44,-4.253927
50.46,-4.246209
50.48,-4.239134
50.5,-4.234953
50.52,-4.229486
50.54,-4.223698
50.56,-4.220482
50.58,-4.214693
50.6,-4.204724
50.62,-4.1999
50.64,-4.190573
50.66,-4.175459
50.68,-4.165811
50.7,-4.147801
50.72,-4.132043
50.74,-4.111783
50.76,-4.092809
50.78,-4.07287
50.8,-4.052931
50.82,-4.029455
50.84,-4.009516
50.86,-3.989899
50.88,-3.970282
50.9,-3.950664
50.92,-3.93169
50.94,-3.911752
50.96,-3.896637
50.98,-3.882165
51,-3.867693
51.02,-3.848398
51.04,-3.832961
51.06,-3.813987
51.08,-3.798872
51.1,-3.779255
51.12,-3.759959
51.14,-3.74002
51.16,-3.720725
51.18,-3.700464
51.2,-3.686957
51.22,-3.667662
51.24,-3.649974
51.26,-3.633251
51.28,-3.618458
51.3,-3.6027
51.32,-3.588228
51.34,-3.578902
51.36,-3.564109
51.38,-3.554139
51.4,-3.544813
51.42,-3.535487
51.44,-3.524552
51.46,-3.514905
51.48,-3.50783
51.5,-3.500755
51.52,-3.494966
51.54,-3.490785
51.56,-3.485961
51.58,-3.486604
51.6,-3.481137
51.62,-3.481137
51.64,-3.485961
51.66,-3.486283
51.68,-3.490785
51.7,-3.501076
51.72,-3.510402
51.74,-3.522945
51.76,-3.539989
51.78,-3.557677
51.8,-3.578902
51.82,-3.603986
51.84,-3.630357
51.86,-3.661551
51.88,-3.69146
51.9,-3.720403
51.92,-3.754171
51.94,-3.784722
51.96,-3.814309
51.98,-3.842287
52,-3.869623
52.02,-3.896637
52.04,-3.920435
52.06,-3.949378
52.08,-3.974141
52.1,-4.004692
52.12,-4.036208
52.14,-4.068368
52.16,-4.102135
52.18,-4.1314
52.2,-4.160987
52.22,-4.190252
52.24,-4.214371
52.26,-4.234632
52.28,-4.24846
52.3,-4.263575
52.32,-4.279012
52.34,-4.288016
52.36,-4.298951
52.38,-4.307312
52.4,-4.312779
52.42,-4.322427
52.44,-4.326929
52.46,-4.336899
52.48,-4.342366
52.5,-4.351692
52.52,-4.356194
52.54,-4.364234
52.56,-4.370988
52.58,-4.381279
52.6,-4.386424
52.62,-4.39575
52.64,-4.407649
52.66,-4.420192
52.68,-4.434985
52.7,-4.44817
52.72,-4.464572
52.74,-4.481938
52.76,-4.498339
52.78,-4.513132
52.8,-4.526961
52.82,-4.547864
52.84,-4.562336
52.86,-4.58131
52.88,-4.600927
52.9,-4.626012
52.92,-4.644664
52.94,-4.669427
52.96,-4.693546
52.98,-4.718952
53,-4.74275
53.02,-4.767191
53.04,-4.796778
53.06,-4.825078
53.08,-4.855308
53.1,-4.884573
53.12,-4.914481
53.14,-4.94857
53.16,-4.982981
53.18,-5.013854
53.2,-5.045692
53.22,-5.078494
53.24,-5.109367
53.26,-5.136703
53.28,-5.163717
53.3,-5.188158
53.32,-5.212921
53.34,-5.23704
53.36,-5.256979
53.38,-5.275953
53.4,-5.296213
53.42,-5.314223
53.44,-5.329981
53.46,-5.345739
53.48,-5.359889
53.5,-5.369215
53.52,-5.381436
53.54,-5.389154
53.56,-5.393656
53.58,-5.39848
53.6,-5.403626
53.62,-5.398802
53.64,-5.39848
53.66,-5.388511
53.68,-5.379185
53.7,-5.362462
53.72,-5.344774
53.74,-5.325478
53.76,-5.300716
53.78,-5.275953
53.8,-5.24701
53.82,-5.217101
53.84,-5.187515
53.86,-5.153104
53.88,-5.120302
53.9,-5.085569
53.92,-5.050837
53.94,-5.011603
53.96,-4.969796
53.98,-4.928953
54,-4.889719
54.02,-4.846625
54.04,-4.806104
54.06,-4.765262
54.08,-4.725384
54.1,-4.686793
54.12,-4.650453
54.14,-4.610897
54.16,-4.576486
54.18,-4.542397
54.2,-4.510559
54.22,-4.4784
54.24,-4.449778
54.26,-4.424694
54.28,-4.400574
54.3,-4.375812
54.32,-4.351049
54.34,-4.326929
54.36,-4.307634
54.38,-4.283193
54.4,-4.259073
54.42,-4.23431
54.44,-4.209869
54.46,-4.185428
54.48,-4.160665
54.5,-4.136546
54.52,-4.111783
54.54,-4.087663
54.56,-4.067725
54.58,-4.048107
54.6,-4.028812
54.62,-4.009838
54.64,-3.989899
54.66,-3.96996
54.68,-3.953237
54.7,-3.936193
54.72,-3.917219
54.74,-3.897923
54.76,-3.882165
54.78,-3.86705
54.8,-3.849362
54.82,-3.833604
54.84,-3.823956
54.86,-3.808842
54.88,-3.799194
54.9,-3.789224
54.92,-3.78022
54.94,-3.769929
54.96,-3.764783
54.98,-3.759959
55,-3.755135
55.02,-3.750311
55.04,-3.750311
55.06,-3.755135
55.08,-3.754492
55.1,-3.759638
55.12,-3.769607
55.14,-3.779255
55.16,-3.794048
55.18,-3.808198
55.2,-3.825886
55.22,-3.847433
55.24,-3.867372
55.26,-3.891813
55.28,-3.921721
55.3,-3.948092
55.32,-3.975427
55.34,-3.999225
55.36,-4.023988
55.38,-4.048429
55.4,-4.073192
55.42,-4.094738
55.44,-4.116928
55.46,-4.136546
55.48,-4.15552
55.5,-4.17578
55.52,-4.195397
55.54,-4.21212
55.56,-4.229165
55.58,-4.249104
55.6,-4.269042
55.62,-4.288016
55.64,-4.303131
55.66,-4.322427
55.68,-4.341723
55.7,-4.361661
55.72,-4.381279
55.74,-4.400896
55.76,-4.425659
55.78,-4.444954
55.8,-4.468752
55.82,-4.493515
55.84,-4.517956
55.86,-4.542397
55.88,-4.56909
55.9,-4.596103
55.92,-4.625368
55.94,-4.64981
55.96,-4.679718
55.98,-4.706089
56,-4.733424
56.02,-4.762689
56.04,-4.792597
56.06,-4.821219
56.08,-4.850484
56.1,-4.875247
56.12,-4.904512
56.14,-4.933455
56.16,-4.957897
56.18,-4.982981
56.2,-5.011603
56.22,-5.036365
56.24,-5.061128
56.26,-5.087177
56.28,-5.114834
56.3,-5.143778
56.32,-5.168541
56.34,-5.198127
56.36,-5.22482
56.38,-5.248939
56.4,-5.271451
56.42,-5.291389
56.44,-5.306183
56.46,-5.320333
56.48,-5.330302
56.5,-5.33995
56.52,-5.34992
56.54,-5.359889
56.56,-5.368894
56.58,-5.374361
56.6,-5.384009
56.62,-5.393978
56.64,-5.403626
56.66,-5.412952
56.68,-5.427424
56.7,-5.437393
56.72,-5.452508
56.74,-5.464085
56.76,-5.477592
56.78,-5.491421
56.8,-5.506536
56.82,-5.521329
56.84,-5.535801
56.86,-5.549629
56.88,-5.560242
56.9,-5.574714
56.92,-5.584362
56.94,-5.599476
56.96,-5.609124
56.98,-5.618772
57,-5.628742
57.02,-5.633244
57.04,-5.643213
57.06,-5.648037
57.08,-5.658328
57.1,-5.663152
57.12,-5.667654
57.14,-5.673443
57.16,-5.677945
57.18,-5.682769
57.2,-5.688236
57.22,-5.692096
57.24,-5.698527
57.26,-5.697563
57.28,-5.697563
57.3,-5.697241
57.32,-5.692739
57.34,-5.682448
57.36,-5.668298
57.38,-5.64868
57.4,-5.623596
57.42,-5.595296
57.44,-5.560242
57.46,-5.520686
57.48,-5.476949
57.5,-5.427424
57.52,-5.375325
57.54,-5.320011
57.56,-5.261481
57.58,-5.19877
57.6,-5.1322
57.62,-5.06145
57.64,-4.990378
57.66,-4.919627
57.68,-4.84566
57.7,-4.775231
57.72,-4.703837
57.74,-4.638232
57.76,-4.575521
57.78,-4.513454
57.8,-4.454924
57.82,-4.400574
57.84,-4.349762
57.86,-4.302488
57.88,-4.259395
57.9,-4.223054
57.92,-4.188001
57.94,-4.155841
57.96,-4.129149
57.98,-4.107602
58,-4.083161
58.02,-4.068046
58.04,-4.052931
58.06,-4.038781
58.08,-4.029455
58.1,-4.014662
58.12,-4.004049
58.14,-3.99022
58.16,-3.974784
58.18,-3.960634
58.2,-3.945841
58.22,-3.93169
58.24,-3.914324
58.26,-3.894064
58.28,-3.872517
58.3,-3.848076
58.32,-3.822992
58.34,-3.794691
58.36,-3.765105
58.38,-3.735518
58.4,-3.709147
58.42,-3.682133
58.44,-3.651904
58.46,-3.623925
58.48,-3.598841
58.5,-3.5744
58.52,-3.549637
58.54,-3.530341
58.56,-3.506543
58.58,-3.490785
58.6,-3.470846
58.62,-3.457018
58.64,-3.447692
58.66,-3.437079
58.68,-3.432898
58.7,-3.436436
58.72,-3.441581
58.74,-3.44737
58.76,-3.461842
58.78,-3.475992
58.8,-3.496252
58.82,-3.520372
58.84,-3.544813
58.86,-3.574078
58.88,-3.603343
58.9,-3.634859
58.92,-3.668627
58.94,-3.703037
58.96,-3.739056
58.98,-3.774109
59,-3.80852
59.02,-3.84486
59.04,-3.881522
59.06,-3.915932
59.08,-3.950986
59.1,-3.98411
59.12,-4.019164
59.14,-4.050037
59.16,-4.08284
59.18,-4.112105
59.2,-4.136224
59.22,-4.165168
59.24,-4.18993
59.26,-4.209869
59.28,-4.229808
59.3,-4.248782
59.32,-4.263575
59.34,-4.275796
59.36,-4.288016
59.38,-4.297664
59.4,-4.307955
59.42,-4.312136
59.44,-4.317603
59.46,-4.327572
59.48,-4.332396
59.5,-4.33722
59.52,-4.341723
59.54,-4.346225
59.56,-4.356516
59.58,-4.36134
59.6,-4.370666
59.62,-4.376133
59.64,-4.386103
59.66,-4.396072
59.68,-4.40572
59.7,-4.415689
59.72,-4.425337
59.74,-4.439487
59.76,-4.449135
59.78,-4.463607
59.8,-4.4784
59.82,-4.493515
59.84,-4.512489
59.86,-4.527926
59.88,-4.544327
59.9,-4.562336
59.92,-4.582275
59.94,-4.600606
59.96,-4.624725
59.98,-4.649166
60,-4.674251
