0.02,5.228269
0.04,5.188713
0.06,5.150122
0.08,5.10735
0.1,5.067472
0.12,5.02663
0.14,4.983858
0.16,4.941408
0.18,4.900565
0.2,4.858115
0.22,4.817272
0.24,4.774179
0.26,4.733336
0.28,4.690564
0.3,4.646827
0.32,4.60695
0.34,4.564499
0.36,4.5243
0.38,4.484744
0.4,4.445831
0.42,4.410134
0.44,4.372829
0.46,4.337776
0.48,4.304973
0.5,4.274422
0.52,4.241298
0.54,4.210425
0.56,4.180838
0.58,4.147071
0.6,4.113946
0.62,4.084038
0.64,4.049949
0.66,4.014895
0.68,3.98563
0.7,3.951863
0.72,3.922276
0.74,3.889795
0.76,3.858279
0.78,3.825155
0.8,3.795568
0.82,3.760836
0.84,3.730606
0.86,3.697482
0.88,3.667574
0.9,3.637344
0.92,3.605828
0.94,3.579779
0.96,3.550514
0.98,3.526394
1,3.501632
1.02,3.482336
1.04,3.462397
1.06,3.443101
1.08,3.428308
1.1,3.413836
1.12,3.399043
1.14,3.383928
1.16,3.369456
1.18,3.354985
1.2,3.340513
1.22,3.32572
1.24,3.310926
1.26,3.296776
1.28,3.280696
1.3,3.262366
1.32,3.243713
1.34,3.227633
1.36,3.208338
1.38,3.188721
1.4,3.169425
1.42,3.150129
1.44,3.130834
1.46,3.111216
1.48,3.096423
1.5,3.086132
1.52,3.081951
1.54,3.081308
1.56,3.090956
1.58,3.101247
1.6,3.11604
1.62,3.140482
1.64,3.165244
1.66,3.198368
1.68,3.236638
1.7,3.276516
1.72,3.325398
1.74,3.374924
1.76,3.432489
1.78,3.491984
1.8,3.551479
1.82,3.618049
1.84,3.682689
1.86,3.750867
1.88,3.820331
1.9,3.891403
1.92,3.965048
1.94,4.03805
1.96,4.11266
1.98,4.185983
2,4.259628
2.02,4.333273
2.04,4.406597
2.06,4.480242
2.08,4.552279
2.1,4.62303
2.12,4.695388
2.14,4.767425
2.16,4.835925
2.18,4.904424
2.2,4.972924
2.22,5.036599
2.24,5.100275
2.26,5.160091
2.28,5.218943
2.3,5.274257
2.32,5.326677
2.34,5.379097
2.36,5.428301
2.38,5.473645
2.4,5.517382
2.42,5.561119
2.44,5.600353
2.46,5.63991
2.48,5.67432
2.5,5.711625
2.52,5.743463
2.54,5.776265
2.56,5.809068
2.58,5.839941
2.6,5.869206
2.62,5.898149
2.64,5.923877
2.66,5.95282
2.68,5.977262
2.7,6.004919
2.72,6.030646
2.74,6.055409
2.76,6.078564
2.78,6.10011
2.8,6.123587
2.82,6.147385
2.84,6.167967
2.86,6.187262
2.88,6.207201
2.9,6.226175
2.92,6.241612
2.94,6.256405
2.96,6.270555
2.98,6.285027
3,6.293388
3.02,6.299499
3.04,6.304966
3.06,6.30979
3.08,6.30979
3.1,6.304323
3.12,6.29982
3.14,6.294675
3.16,6.285027
3.18,6.275057
3.2,6.261229
3.22,6.250295
3.24,6.231642
3.26,6.216527
3.28,6.197232
3.3,6.181795
3.32,6.163143
3.34,6.143204
3.36,6.119406
3.38,6.099467
3.4,6.075026
3.42,6.051871
3.44,6.030325
3.46,6.006205
3.48,5.981764
3.5,5.957644
3.52,5.933525
3.54,5.908119
3.56,5.879175
3.58,5.854413
3.6,5.825791
3.62,5.801028
3.64,5.771763
3.66,5.741855
3.68,5.708087
3.7,5.675285
3.72,5.644412
3.74,5.610323
3.76,5.576234
3.78,5.542145
3.8,5.507413
3.82,5.473324
3.84,5.435376
3.86,5.400644
3.88,5.36559
3.9,5.327963
3.92,5.292266
3.94,5.25271
3.96,5.219265
3.98,5.180995
4,5.145941
4.02,5.112817
4.04,5.081944
4.06,5.047534
4.08,5.017947
4.1,4.989003
4.12,4.959095
4.14,4.93176
4.16,4.905711
4.18,4.880626
4.2,4.856828
4.22,4.831422
4.24,4.807946
4.26,4.783826
4.28,4.763566
4.3,4.74427
4.32,4.724332
4.34,4.704393
4.36,4.690564
4.38,4.671269
4.4,4.656154
4.42,4.645541
4.44,4.631391
4.46,4.621422
4.48,4.611774
4.5,4.602126
4.52,4.592157
4.54,4.582509
4.56,4.572861
4.58,4.568037
4.6,4.558068
4.62,4.553565
4.64,4.545204
4.66,4.53845
4.68,4.533948
4.7,4.529124
4.72,4.524622
4.74,4.514331
4.76,4.509185
4.78,4.505005
4.8,4.496322
4.82,4.490211
4.84,4.489246
4.86,4.484423
4.88,4.47992
4.9,4.479599
4.92,4.47992
4.94,4.484744
4.96,4.489568
4.98,4.494392
5,4.504361
5.02,4.514331
5.04,4.5243
5.06,4.539415
5.08,4.558389
5.1,4.578006
5.12,4.600196
5.14,4.624959
5.16,4.651008
5.18,4.679308
5.2,4.709538
5.22,4.739125
5.24,4.773857
5.26,4.807303
5.28,4.842035
5.3,4.879661
5.32,4.91568
5.34,4.954593
5.36,4.993827
5.38,5.033383
5.4,5.075512
5.42,5.115711
5.44,5.155589
5.46,5.194502
5.48,5.237274
5.5,5.277473
5.52,5.316708
5.54,5.35562
5.56,5.394855
5.58,5.434089
5.6,5.473324
5.62,5.51095
5.64,5.54729
5.66,5.581058
5.68,5.615468
5.7,5.650201
5.72,5.683646
5.74,5.712911
5.76,5.747
5.78,5.776587
5.8,5.806174
5.82,5.834152
5.84,5.85988
5.86,5.884964
5.88,5.911656
5.9,5.936098
5.92,5.957966
5.94,5.982085
5.96,6.006527
5.98,6.029038
6,6.050585
6.02,6.070202
6.04,6.094322
6.06,6.113939
6.08,6.137094
6.1,6.158319
6.12,6.177293
6.14,6.19691
6.16,6.216527
6.18,6.230999
6.2,6.246114
6.22,6.260586
6.24,6.275379
6.26,6.285027
6.28,6.294996
6.3,6.29982
6.32,6.304644
6.34,6.309468
6.36,6.309146
6.38,6.309468
6.4,6.304966
6.42,6.294996
6.44,6.289851
6.46,6.280525
6.48,6.265088
6.5,6.252546
6.52,6.236466
6.54,6.221351
6.56,6.202056
6.58,6.186941
6.6,6.167967
6.62,6.148349
6.64,6.125195
6.66,6.104291
6.68,6.084995
6.7,6.062162
6.72,6.040294
6.74,6.016496
6.76,5.996879
6.78,5.972438
6.8,5.95282
6.82,5.927736
6.84,5.903617
6.86,5.879175
6.88,5.855056
6.9,5.830615
6.92,5.805852
6.94,5.776587
6.96,5.749251
6.98,5.719343
7,5.688792
7.02,5.654703
7.04,5.6219
7.06,5.587811
7.08,5.551471
7.1,5.517061
7.12,5.478148
7.14,5.444059
7.16,5.404824
7.18,5.370735
7.2,5.331501
7.22,5.293874
7.24,5.257856
7.26,5.220551
7.28,5.185176
7.3,5.150122
7.32,5.111531
7.34,5.07712
7.36,5.04271
7.38,5.008299
7.4,4.973567
7.42,4.9398
7.44,4.905389
7.46,4.876124
7.48,4.843321
7.5,4.812448
7.52,4.783505
7.54,4.753918
7.56,4.724653
7.58,4.695067
7.6,4.665158
7.62,4.636536
7.64,4.611452
7.66,4.582509
7.68,4.558389
7.7,4.533626
7.72,4.509185
7.74,4.485387
7.76,4.460303
7.78,4.435862
7.8,4.411742
7.82,4.391482
7.84,4.367684
7.86,4.347745
7.88,4.328449
7.9,4.308832
7.92,4.294361
7.94,4.279567
7.96,4.265095
7.98,4.255126
8,4.245478
8.02,4.240333
8.04,4.240654
8.06,4.244835
8.08,4.255126
8.1,4.269919
8.12,4.28407
8.14,4.303687
8.16,4.327806
8.18,4.357715
8.2,4.38698
8.22,4.421069
8.24,4.460625
8.26,4.499216
8.28,4.539094
8.3,4.582509
8.32,4.626889
8.34,4.671269
8.36,4.719186
8.38,4.76839
8.4,4.817594
8.42,4.866798
8.44,4.920504
8.46,4.972281
8.48,5.023092
8.5,5.076799
8.52,5.125038
8.54,5.179065
8.56,5.228591
8.58,5.277795
8.6,5.326999
8.62,5.375881
8.64,5.419618
8.66,5.465927
8.68,5.507734
8.7,5.55115
8.72,5.591027
8.74,5.629618
8.76,5.664029
8.78,5.698761
8.8,5.732529
8.82,5.767261
8.84,5.796526
8.86,5.828364
8.88,5.854734
8.9,5.884321
8.92,5.913264
8.94,5.937705
8.96,5.962147
8.98,5.986909
9,6.011029
9.02,6.036113
9.04,6.055087
9.06,6.079528
9.08,6.099467
9.1,6.123587
9.12,6.143526
9.14,6.163143
9.16,6.182117
9.18,6.202377
9.2,6.221351
9.22,6.240969
9.24,6.260907
9.26,6.280203
9.28,6.294996
9.3,6.314614
9.32,6.329407
9.34,6.349024
9.36,6.363496
9.38,6.378289
9.4,6.397263
9.42,6.412378
9.44,6.42685
9.46,6.439714
9.48,6.450969
9.5,6.46126
9.52,6.470587
9.54,6.480878
9.56,6.48538
9.58,6.490204
9.6,6.490204
9.62,6.490525
9.64,6.490847
9.66,6.485702
9.68,6.480234
9.7,6.470587
9.72,6.460939
9.74,6.451613
9.76,6.437141
9.78,6.423955
9.8,6.407233
9.82,6.389867
9.84,6.370249
9.86,6.348703
9.88,6.328764
9.9,6.304644
9.92,6.280203
9.94,6.257691
9.96,6.23325
9.98,6.209131
10,6.183082
10.02,6.157676
10.04,6.133878
10.06,6.109115
10.08,6.080493
10.1,6.05573
10.12,6.031289
10.14,6.003632
10.16,5.97694
10.18,5.952499
10.2,5.927736
10.22,5.898793
10.24,5.874351
10.26,5.84991
10.28,5.820967
10.3,5.796204
10.32,5.766939
10.34,5.737674
10.36,5.707766
10.38,5.673998
10.4,5.63991
10.42,5.605499
10.44,5.570767
10.46,5.536678
10.48,5.498087
10.5,5.463354
10.52,5.42412
10.54,5.387458
10.56,5.351118
10.58,5.311884
10.6,5.277473
10.62,5.23856
10.64,5.199647
10.66,5.162021
10.68,5.125681
10.7,5.087411
10.72,5.052357
10.74,5.013445
10.76,4.978712
10.78,4.944945
10.8,4.910534
10.82,4.875802
10.84,4.843965
10.86,4.812448
10.88,4.782862
10.9,4.749416
10.92,4.719508
10.94,4.689921
10.96,4.660334
10.98,4.631713
11,4.602126
11.02,4.575112
11.04,4.54842
11.06,4.519798
11.08,4.494714
11.1,4.467378
11.12,4.441007
11.14,4.416888
11.16,4.391803
11.18,4.367041
11.2,4.3426
11.22,4.318802
11.24,4.296612
11.26,4.2741
11.28,4.249981
11.3,4.230042
11.32,4.208495
11.34,4.186305
11.36,4.167009
11.38,4.147071
11.4,4.12681
11.42,4.103655
11.44,4.08436
11.46,4.06024
11.48,4.039337
11.5,4.017147
11.52,3.994957
11.54,3.975018
11.56,3.961832
11.58,3.942215
11.6,3.929351
11.62,3.917452
11.64,3.908126
11.66,3.902981
11.68,3.902981
11.7,3.902659
11.72,3.908126
11.74,3.91906
11.76,3.929673
11.78,3.946396
11.8,3.966335
11.82,3.991097
11.84,4.018111
11.86,4.048984
11.88,4.083073
11.9,4.125845
11.92,4.167009
11.94,4.214605
11.96,4.262201
11.98,4.313335
12,4.363503
12.02,4.415923
12.04,4.468664
12.06,4.523657
12.08,4.580579
12.1,4.636215
12.12,4.695067
12.14,4.75424
12.16,4.813092
12.18,4.871622
12.2,4.930473
12.22,4.989325
12.24,5.04689
12.26,5.103812
12.28,5.160413
12.3,5.213476
12.32,5.264609
12.34,5.316064
12.36,5.366876
12.38,5.415437
12.4,5.460139
12.42,5.504518
12.44,5.549542
12.46,5.590706
12.48,5.628332
12.5,5.668853
12.52,5.707766
12.54,5.742498
12.56,5.775944
12.58,5.810997
12.6,5.840584
12.62,5.870492
12.64,5.898471
12.66,5.927414
12.68,5.957323
12.7,5.982729
12.72,6.005562
12.74,6.030325
12.76,6.055409
12.78,6.079207
12.8,6.103648
12.82,6.123587
12.84,6.148349
12.86,6.168288
12.88,6.187262
12.9,6.206236
12.92,6.226175
12.94,6.246436
12.96,6.262837
12.98,6.279881
13,6.299499
13.02,6.314935
13.04,6.333909
13.06,6.348059
13.08,6.363174
13.1,6.378289
13.12,6.388259
13.14,6.402409
13.16,6.41077
13.18,6.421383
13.2,6.427171
13.22,6.436819
13.24,6.441
13.26,6.440035
13.28,6.441
13.3,6.441643
13.32,6.441965
13.34,6.436819
13.36,6.42685
13.38,6.417524
13.4,6.407233
13.42,6.397585
13.44,6.38247
13.46,6.366069
13.48,6.349346
13.5,6.329407
13.52,6.308503
13.54,6.290172
13.56,6.266053
13.58,6.246436
13.6,6.221995
13.62,6.197232
13.64,6.173434
13.66,6.148028
13.68,6.11812
13.7,6.094643
13.72,6.067308
13.74,6.040616
13.76,6.01521
13.78,5.986588
13.8,5.962468
13.82,5.933203
13.84,5.90426
13.86,5.874351
13.88,5.846051
13.9,5.813249
13.92,5.780768
13.94,5.747
13.96,5.712911
13.98,5.678501
14,5.643447
14.02,5.605177
14.04,5.57141
14.06,5.53314
14.08,5.495192
14.1,5.456279
14.12,5.419618
14.14,5.381026
14.16,5.339219
14.18,5.296769
14.2,5.258499
14.22,5.218943
14.24,5.177457
14.26,5.135007
14.28,5.096094
14.3,5.057503
14.32,5.018912
14.34,4.979034
14.36,4.939478
14.38,4.900243
14.4,4.862295
14.42,4.825634
14.44,4.787686
14.46,4.748451
14.48,4.715327
14.5,4.676414
14.52,4.642968
14.54,4.611131
14.56,4.57672
14.58,4.543917
14.6,4.514331
14.62,4.48185
14.64,4.450334
14.66,4.42139
14.68,4.392768
14.7,4.358036
14.72,4.329093
14.74,4.298541
14.76,4.269919
14.78,4.240333
14.8,4.215248
14.82,4.188878
14.84,4.166688
14.86,4.142247
14.88,4.122951
14.9,4.104942
14.92,4.08854
14.94,4.075033
14.96,4.064099
14.98,4.052844
15,4.044482
15.02,4.039658
15.04,4.035477
15.06,4.030332
15.08,4.024865
15.1,4.026151
15.12,4.020363
15.14,4.019719
15.16,4.020363
15.18,4.020684
15.2,4.019076
15.22,4.014252
15.24,4.01586
15.26,4.020684
15.28,4.020684
15.3,4.019398
15.32,4.024543
15.34,4.03001
15.36,4.039658
15.38,4.050271
15.4,4.064099
15.42,4.080822
15.44,4.104299
15.46,4.122951
15.48,4.151251
15.5,4.180838
15.52,4.211068
15.54,4.245157
15.56,4.283748
15.58,4.322339
15.6,4.367041
15.62,4.411421
15.64,4.456122
15.66,4.503718
15.68,4.552922
15.7,4.602448
15.72,4.651651
15.74,4.703428
15.76,4.755848
15.78,4.807946
15.8,4.862617
15.82,4.914394
15.84,4.968743
15.86,5.021163
15.88,5.072618
15.9,5.121179
15.92,5.171669
15.94,5.220551
15.96,5.268147
15.98,5.316708
16,5.360444
16.02,5.404824
16.04,5.44631
16.06,5.488117
16.08,5.526387
16.1,5.562727
16.12,5.600032
16.14,5.634442
16.16,5.66821
16.18,5.703585
16.2,5.73478
16.22,5.766939
16.24,5.796204
16.26,5.827399
16.28,5.856985
16.3,5.884642
16.32,5.913908
16.34,5.942851
16.36,5.967614
16.38,5.994306
16.4,6.021641
16.42,6.046404
16.44,6.070202
16.46,6.094643
16.48,6.11812
16.5,6.139988
16.52,6.163464
16.54,6.187262
16.56,6.208488
16.58,6.231321
16.6,6.250295
16.62,6.275057
16.64,6.294675
16.66,6.308503
16.68,6.329085
16.7,6.344522
16.72,6.358994
16.74,6.36832
16.76,6.376681
16.78,6.387615
16.8,6.392118
16.82,6.397906
16.84,6.397906
16.86,6.397906
16.88,6.393082
16.9,6.389545
16.92,6.382791
16.94,6.373144
16.96,6.362853
16.98,6.349346
17,6.337125
17.02,6.319116
17.04,6.29982
17.06,6.280203
17.08,6.261229
17.1,6.236145
17.12,6.211703
17.14,6.187906
17.16,6.163143
17.18,6.138058
17.2,6.109115
17.22,6.083066
17.24,6.055409
17.26,6.025501
17.28,5.995914
17.3,5.967614
17.32,5.93449
17.34,5.90426
17.36,5.869206
17.38,5.836403
17.4,5.801993
17.42,5.767582
17.44,5.731564
17.46,5.692651
17.48,5.657919
17.5,5.616433
17.52,5.576234
17.54,5.536356
17.56,5.497443
17.58,5.459817
17.6,5.41801
17.62,5.375881
17.64,5.337611
17.66,5.298055
17.68,5.258499
17.7,5.221837
17.72,5.184854
17.74,5.144976
17.76,5.10735
17.78,5.071331
17.8,5.033383
17.82,4.999294
17.84,4.964241
17.86,4.927579
17.88,4.895098
17.9,4.860687
17.92,4.829171
17.94,4.793474
17.96,4.761637
17.98,4.729477
18,4.696031
18.02,4.666123
18.04,4.630748
18.06,4.597945
18.08,4.568359
18.1,4.533305
18.12,4.504683
18.14,4.475418
18.16,4.446153
18.18,4.416566
18.2,4.389552
18.22,4.36286
18.24,4.338419
18.26,4.31237
18.28,4.287285
18.3,4.264452
18.32,4.240976
18.34,4.216213
18.36,4.196274
18.38,4.171512
18.4,4.151251
18.42,4.13292
18.44,4.113625
18.46,4.092721
18.48,4.076641
18.5,4.059919
18.52,4.045125
18.54,4.029046
18.56,4.015217
18.58,4.003961
18.6,3.990454
18.62,3.975661
18.64,3.960224
18.66,3.951863
18.68,3.941894
18.7,3.931603
18.72,3.926779
18.74,3.92292
18.76,3.923241
18.78,3.923241
18.8,3.926135
18.82,3.936427
18.84,3.947039
18.86,3.961511
18.88,3.976304
18.9,4.000424
18.92,4.024543
18.94,4.050592
18.96,4.079214
18.98,4.112338
19,4.146749
19.02,4.183411
19.04,4.222967
19.06,4.264131
19.08,4.309797
19.1,4.358036
19.12,4.408848
19.14,4.458695
19.16,4.510472
19.18,4.564499
19.2,4.617241
19.22,4.670304
19.24,4.724975
19.26,4.779003
19.28,4.832709
19.3,4.880948
19.32,4.92983
19.34,4.979034
19.36,5.026951
19.38,5.072296
19.4,5.115068
19.42,5.15977
19.44,5.205436
19.46,5.245635
19.48,5.285835
19.5,5.325069
19.52,5.364947
19.54,5.40193
19.56,5.43827
19.58,5.474932
19.6,5.51288
19.62,5.548255
19.64,5.581379
19.66,5.615147
19.68,5.648914
19.7,5.679466
19.72,5.713876
19.74,5.741855
19.76,5.771763
19.78,5.80135
19.8,5.831258
19.82,5.859237
19.84,5.883678
19.86,5.913264
19.88,5.938027
19.9,5.961503
19.92,5.986588
19.94,6.012315
19.96,6.032897
19.98,6.055409
20,6.078564
20.02,6.10011
20.04,6.119084
20.06,6.140631
20.08,6.159605
20.1,6.177615
20.12,6.19691
20.14,6.21106
20.16,6.226175
20.18,6.241612
20.2,6.25544
20.22,6.266053
20.24,6.270555
20.26,6.280203
20.28,6.284384
20.3,6.285349
20.32,6.285027
20.34,6.280203
20.36,6.275701
20.38,6.270234
20.4,6.260907
20.42,6.250938
20.44,6.236466
20.46,6.221351
20.48,6.206236
20.5,6.187262
20.52,6.167967
20.54,6.143847
20.56,6.123908
20.58,6.099467
20.6,6.07374
20.62,6.045439
20.64,6.016496
20.66,5.987231
20.68,5.957644
20.7,5.923234
20.72,5.889788
20.74,5.855056
20.76,5.820645
20.78,5.784948
20.8,5.747643
20.82,5.708087
20.84,5.667888
20.86,5.625116
20.88,5.581701
20.9,5.542145
20.92,5.497765
20.94,5.454993
20.96,5.413186
20.98,5.370735
21,5.32732
21.02,5.287764
21.04,5.2466
21.06,5.20415
21.08,5.165558
21.1,5.125359
21.12,5.086768
21.14,5.046247
21.16,5.007334
21.18,4.967778
21.2,4.930152
21.22,4.890596
21.24,4.851683
21.26,4.81277
21.28,4.773857
21.3,4.735266
21.32,4.700212
21.34,4.660656
21.36,4.626567
21.38,4.5928
21.4,4.55646
21.42,4.522692
21.44,4.490211
21.46,4.455801
21.48,4.425249
21.5,4.392125
21.52,4.36286
21.54,4.329093
21.56,4.300149
21.58,4.270241
21.6,4.24387
21.62,4.215892
21.64,4.18727
21.66,4.161864
21.68,4.133242
21.7,4.108479
21.72,4.078893
21.74,4.050914
21.76,4.020684
21.78,3.993992
21.8,3.966335
21.82,3.937391
21.84,3.908126
21.86,3.883042
21.88,3.857958
21.9,3.829979
21.92,3.804895
21.94,3.780453
21.96,3.756334
21.98,3.73125
22,3.707452
22.02,3.682367
22.04,3.658891
22.06,3.637344
22.08,3.614511
22.1,3.589748
22.12,3.565307
22.14,3.54569
22.16,3.522214
22.18,3.502275
22.2,3.485552
22.22,3.467543
22.24,3.452749
22.26,3.443101
22.28,3.433132
22.3,3.428951
22.32,3.423806
22.34,3.428308
22.36,3.433132
22.38,3.442458
22.4,3.461432
22.42,3.482336
22.44,3.506777
22.46,3.535077
22.48,3.564986
22.5,3.603255
22.52,3.642811
22.54,3.683975
22.56,3.731571
22.58,3.77981
22.6,3.830622
22.62,3.883364
22.64,3.938034
22.66,3.995278
22.68,4.053808
22.7,4.113303
22.72,4.172798
22.74,4.234222
22.76,4.295325
22.78,4.357715
22.8,4.419782
22.82,4.480885
22.84,4.542631
22.86,4.602448
22.88,4.660978
22.9,4.719829
22.92,4.778359
22.94,4.836568
22.96,4.892525
22.98,4.949447
23,5.003797
23.02,5.058789
23.04,5.111209
23.06,5.16395
23.08,5.214119
23.1,5.262037
23.12,5.306738
23.14,5.352083
23.16,5.395177
23.18,5.437627
23.2,5.478469
23.22,5.517061
23.24,5.555009
23.26,5.590384
23.28,5.626724
23.3,5.662743
23.32,5.697153
23.34,5.727705
23.36,5.760829
23.38,5.79138
23.4,5.820324
23.42,5.848946
23.44,5.874351
23.46,5.900079
23.48,5.928058
23.5,5.953142
23.52,5.97694
23.54,6.001703
23.56,6.02132
23.58,6.045761
23.6,6.065057
23.62,6.084674
23.64,6.104291
23.66,6.123587
23.68,6.143526
23.7,6.163143
23.72,6.182117
23.74,6.196589
23.76,6.216527
23.78,6.231321
23.8,6.246114
23.82,6.260264
23.84,6.270234
23.86,6.280203
23.88,6.290172
23.9,6.29982
23.92,6.304644
23.94,6.304001
23.96,6.309146
23.98,6.310111
24,6.304323
24.02,6.299499
24.04,6.294996
24.06,6.284705
24.08,6.274093
24.1,6.260264
24.12,6.245792
24.14,6.230999
24.16,6.211382
24.18,6.192086
24.2,6.172469
24.22,6.152209
24.24,6.129054
24.26,6.104291
24.28,6.080172
24.3,6.050263
24.32,6.021963
24.34,5.992698
24.36,5.962147
24.38,5.932238
24.4,5.898471
24.42,5.864704
24.44,5.830615
24.46,5.796204
24.48,5.760829
24.5,5.722238
24.52,5.683968
24.54,5.644412
24.56,5.605177
24.58,5.5653
24.6,5.523814
24.62,5.483615
24.64,5.444059
24.66,5.405146
24.68,5.365911
24.7,5.325391
24.72,5.28294
24.74,5.243384
24.76,5.203828
24.78,5.164915
24.8,5.126324
24.82,5.086446
24.84,5.04689
24.86,5.008621
24.88,4.970029
24.9,4.934332
24.92,4.895741
24.94,4.856185
24.96,4.816307
24.98,4.773535
25,4.734623
25.02,4.691207
25.04,4.650365
25.06,4.610809
25.08,4.569323
25.1,4.528803
25.12,4.48989
25.14,4.450334
25.16,4.411742
25.18,4.372186
25.2,4.33456
25.22,4.298863
25.24,4.263809
25.26,4.226826
25.28,4.190807
25.3,4.157362
25.32,4.124237
25.34,4.089505
25.36,4.055416
25.38,4.019719
25.4,3.985309
25.42,3.95122
25.44,3.914237
25.46,3.877896
25.48,3.842843
25.5,3.805216
25.52,3.765339
25.54,3.727069
25.56,3.686226
25.58,3.644098
25.6,3.603255
25.62,3.560162
25.64,3.520606
25.66,3.478798
25.68,3.439242
25.7,3.403867
25.72,3.368813
25.74,3.334724
25.76,3.300957
25.78,3.268798
25.8,3.237925
25.82,3.21284
25.84,3.188721
25.86,3.165566
25.88,3.150129
25.9,3.135336
25.92,3.130834
25.94,3.125688
25.96,3.125688
25.98,3.135658
26,3.144984
26.02,3.163315
26.04,3.18454
26.06,3.208016
26.08,3.238246
26.1,3.268154
26.12,3.306424
26.14,3.34405
26.16,3.384893
26.18,3.433132
26.2,3.482336
26.22,3.536364
26.24,3.590713
26.26,3.648278
26.28,3.707773
26.3,3.770162
26.32,3.833195
26.34,3.89687
26.36,3.961511
26.38,4.024865
26.4,4.089184
26.42,4.155754
26.44,4.221037
26.46,4.284713
26.48,4.351283
26.5,4.417209
26.52,4.479599
26.54,4.543274
26.56,4.605663
26.58,4.665802
26.6,4.725296
26.62,4.784148
26.64,4.842357
26.66,4.900565
26.68,4.954271
26.7,5.009264
26.72,5.062648
26.74,5.115711
26.76,5.165237
26.78,5.213798
26.8,5.263323
26.82,5.310597
26.84,5.354334
26.86,5.399036
26.88,5.439556
26.9,5.479113
26.92,5.518025
26.94,5.555973
26.96,5.590706
26.98,5.624795
27,5.655024
27.02,5.688792
27.04,5.718057
27.06,5.747322
27.08,5.772406
27.1,5.801028
27.12,5.825791
27.14,5.84991
27.16,5.87403
27.18,5.899114
27.2,5.918731
27.22,5.942851
27.24,5.962468
27.26,5.982407
27.28,6.001703
27.3,6.020998
27.32,6.040937
27.34,6.060233
27.36,6.079528
27.38,6.094322
27.4,6.113939
27.42,6.129375
27.44,6.148349
27.46,6.163143
27.48,6.177615
27.5,6.192408
27.52,6.202377
27.54,6.216527
27.56,6.22521
27.58,6.231321
27.6,6.236788
27.62,6.24129
27.64,6.245792
27.66,6.246114
27.68,6.24129
27.7,6.236466
27.72,6.231642
27.74,6.221673
27.76,6.211703
27.78,6.202056
27.8,6.187262
27.82,6.173112
27.84,6.153495
27.86,6.13838
27.88,6.118441
27.9,6.094322
27.92,6.075348
27.94,6.050585
27.96,6.025822
27.98,5.998165
28,5.971794
28.02,5.947032
28.04,5.91841
28.06,5.889145
28.08,5.861166
28.1,5.831901
28.12,5.801028
28.14,5.771763
28.16,5.737352
28.18,5.703585
28.2,5.669175
28.22,5.638945
28.24,5.605499
28.26,5.571088
28.28,5.538607
28.3,5.507734
28.32,5.473324
28.34,5.443737
28.36,5.40997
28.38,5.380705
28.4,5.350475
28.42,5.32121
28.44,5.292588
28.46,5.26268
28.48,5.234058
28.5,5.209295
28.52,5.179387
28.54,5.155267
28.56,5.125681
28.58,5.100918
28.6,5.071975
28.62,5.047534
28.64,5.019555
28.66,4.993827
28.68,4.969386
28.7,4.941408
28.72,4.915037
28.74,4.890596
28.76,4.866155
28.78,4.838497
28.8,4.813092
28.82,4.78865
28.84,4.764209
28.86,4.739125
28.88,4.711468
28.9,4.68574
28.92,4.655832
28.94,4.626889
28.96,4.598588
28.98,4.571896
29,4.543596
29.02,4.514331
29.04,4.489246
29.06,4.460625
29.08,4.432968
29.1,4.406275
29.12,4.377653
29.14,4.352247
29.16,4.322982
29.18,4.299184
29.2,4.271206
29.22,4.245478
29.24,4.220716
29.26,4.195953
29.28,4.168296
29.3,4.144176
29.32,4.119413
29.34,4.094651
29.36,4.073747
29.38,4.049628
29.4,4.025186
29.42,4.000745
29.44,3.981128
29.46,3.957973
29.48,3.93707
29.5,3.917131
29.52,3.897514
29.54,3.878218
29.56,3.858922
29.58,3.843807
29.6,3.829336
29.62,3.81615
29.64,3.804573
29.66,3.795247
29.68,3.782061
29.7,3.771127
29.72,3.760836
29.74,3.75151
29.76,3.741541
29.78,3.732214
29.8,3.722245
29.82,3.717099
29.84,3.706808
29.86,3.701985
29.88,3.697161
29.9,3.692658
29.92,3.68687
29.94,3.687513
29.96,3.682367
29.98,3.682689
30,3.687513
30.02,3.687191
30.04,3.69298
30.06,3.701985
30.08,3.711954
30.1,3.726426
30.12,3.746043
30.14,3.765982
30.16,3.790423
30.18,3.822582
30.2,3.854098
30.22,3.893011
30.24,3.930638
30.26,3.971159
30.28,4.014895
30.3,4.059597
30.32,4.10655
30.34,4.15511
30.36,4.205922
30.38,4.258342
30.4,4.312048
30.42,4.365433
30.44,4.42139
30.46,4.475096
30.48,4.53234
30.5,4.586046
30.52,4.639431
30.54,4.692815
30.56,4.74813
30.58,4.797977
30.6,4.85522
30.62,4.906354
30.64,4.958774
30.66,5.008942
30.68,5.062327
30.7,5.110888
30.72,5.15977
30.74,5.207687
30.76,5.253032
30.78,5.297412
30.8,5.344365
30.82,5.38585
30.84,5.429265
30.86,5.4685
30.88,5.507734
30.9,5.545039
30.92,5.581058
30.94,5.615147
30.96,5.649236
30.98,5.683646
31,5.713555
31.02,5.747
31.04,5.776909
31.06,5.80553
31.08,5.833831
31.1,5.85988
31.12,5.884964
31.14,5.9123
31.16,5.936098
31.18,5.957966
31.2,5.982085
31.22,6.006527
31.24,6.026144
31.26,6.050263
31.28,6.069881
31.3,6.089819
31.32,6.109115
31.34,6.128732
31.36,6.148349
31.38,6.167645
31.4,6.182438
31.42,6.200126
31.44,6.211382
31.46,6.226497
31.48,6.236145
31.5,6.245792
31.52,6.255762
31.54,6.260907
31.56,6.266053
31.58,6.265731
31.6,6.266053
31.62,6.265731
31.64,6.260907
31.66,6.255762
31.68,6.245471
31.7,6.237431
31.72,6.226497
31.74,6.216527
31.76,6.202056
31.78,6.187584
31.8,6.172791
31.82,6.153495
31.84,6.135164
31.86,6.114261
31.88,6.094322
31.9,6.069881
31.92,6.045761
31.94,6.020677
31.96,5.992055
31.98,5.966971
32,5.938027
32.02,5.905224
32.04,5.87403
32.06,5.840584
32.08,5.806495
32.1,5.771763
32.12,5.73285
32.14,5.693616
32.16,5.654703
32.18,5.610644
32.2,5.568516
32.22,5.527352
32.24,5.482972
32.26,5.439556
32.28,5.399679
32.3,5.356264
32.32,5.311884
32.34,5.269433
32.36,5.228591
32.38,5.18614
32.4,5.144976
32.42,5.10542
32.44,5.062327
32.46,5.022771
32.48,4.983215
32.5,4.941408
32.52,4.900887
32.54,4.861331
32.56,4.822739
32.58,4.782862
32.6,4.7462
32.62,4.710181
32.64,4.670625
32.66,4.636536
32.68,4.597302
32.7,4.562891
32.72,4.524622
32.74,4.489568
32.76,4.452263
32.78,4.416566
32.8,4.37894
32.82,4.3426
32.84,4.308511
32.86,4.274743
32.88,4.240333
32.9,4.211068
32.92,4.176336
32.94,4.144176
32.96,4.113625
32.98,4.084038
33,4.049628
33.02,4.019719
33.04,3.985952
33.06,3.956044
33.08,3.923241
33.1,3.89269
33.12,3.858601
33.14,3.824512
33.16,3.790423
33.18,3.756334
33.2,3.719029
33.22,3.682689
33.24,3.645384
33.26,3.609365
33.28,3.570131
33.3,3.533469
33.32,3.497129
33.34,3.457573
33.36,3.419303
33.38,3.384571
33.4,3.347588
33.42,3.312856
33.44,3.281983
33.46,3.252396
33.48,3.223774
33.5,3.199012
33.52,3.179394
33.54,3.159777
33.56,3.14016
33.58,3.125688
33.6,3.110895
33.62,3.101247
33.64,3.088062
33.66,3.081308
33.68,3.071982
33.7,3.062013
33.72,3.052043
33.74,3.047219
33.76,3.038215
33.78,3.027924
33.8,3.01313
33.82,2.998015
33.84,2.984187
33.86,2.969715
33.88,2.952028
33.9,2.934983
33.92,2.92019
33.94,2.907326
33.96,2.900572
33.98,2.893176
34,2.890925
34.02,2.89607
34.04,2.905718
34.06,2.92019
34.08,2.939807
34.1,2.969072
34.12,2.998659
34.14,3.03725
34.16,3.076806
34.18,3.120543
34.2,3.173927
34.22,3.227955
34.24,3.286807
34.26,3.350482
34.28,3.416409
34.3,3.48523
34.32,3.554695
34.34,3.623837
34.36,3.696839
34.38,3.768876
34.4,3.838984
34.42,3.912629
34.44,3.984022
34.46,4.053808
34.48,4.122629
34.5,4.194023
34.52,4.264452
34.54,4.332952
34.56,4.401451
34.58,4.465127
34.6,4.531697
34.62,4.595372
34.64,4.659048
34.66,4.719508
34.68,4.778681
34.7,4.836889
34.72,4.894133
34.74,4.949447
34.76,5.003475
34.78,5.057181
34.8,5.106707
34.82,5.15784
34.84,5.204471
34.86,5.253032
34.88,5.29709
34.9,5.341149
34.92,5.382634
34.94,5.42412
34.96,5.463998
34.98,5.500981
35,5.536678
35.02,5.571088
35.04,5.605499
35.06,5.634764
35.08,5.668853
35.1,5.69844
35.12,5.725775
35.14,5.752467
35.16,5.781411
35.18,5.805852
35.2,5.830615
35.22,5.855056
35.24,5.879175
35.26,5.898793
35.28,5.922591
35.3,5.942529
35.32,5.962468
35.34,5.981764
35.36,5.999452
35.38,6.016496
35.4,6.030646
35.42,6.050585
35.44,6.063127
35.46,6.074383
35.48,6.084995
35.5,6.094643
35.52,6.104291
35.54,6.109115
35.56,6.113939
35.58,6.113617
35.6,6.114261
35.62,6.114261
35.64,6.11008
35.66,6.104613
35.68,6.099467
35.7,6.089498
35.72,6.080172
35.74,6.069559
35.76,6.055087
35.78,6.040294
35.8,6.023249
35.82,6.006205
35.84,5.987231
35.86,5.967292
35.88,5.943173
35.9,5.923234
35.92,5.898793
35.94,5.869528
35.96,5.844765
35.98,5.816143
36,5.781411
36.02,5.747
36.04,5.71066
36.06,5.673998
36.08,5.635407
36.1,5.592635
36.12,5.551471
36.14,5.512558
36.16,5.468822
36.18,5.429587
36.2,5.387458
36.22,5.346294
36.24,5.30706
36.26,5.263323
36.28,5.221194
36.3,5.179387
36.32,5.137901
36.34,5.096416
36.36,5.054609
36.38,5.014088
36.4,4.97421
36.42,4.934976
36.44,4.897992
36.46,4.858758
36.48,4.822418
36.5,4.783505
36.52,4.744592
36.54,4.705358
36.56,4.666445
36.58,4.62721
36.6,4.587976
36.62,4.54842
36.64,4.509185
36.66,4.472845
36.68,4.433932
36.7,4.396949
36.72,4.358036
36.74,4.323304
36.76,4.288893
36.78,4.249981
36.8,4.21557
36.82,4.181481
36.84,4.144819
36.86,4.108158
36.88,4.071818
36.9,4.034513
36.92,3.997851
36.94,3.961189
36.96,3.92292
36.98,3.885293
37,3.84638
37.02,3.805216
37.04,3.765339
37.06,3.721602
37.08,3.673041
37.1,3.623837
37.12,3.572704
37.14,3.518676
37.16,3.46304
37.18,3.408369
37.2,3.352734
37.22,3.296776
37.24,3.24307
37.26,3.193866
37.28,3.142411
37.3,3.09385
37.32,3.047862
37.34,3.005412
37.36,2.964891
37.38,2.929838
37.4,2.895427
37.42,2.866484
37.44,2.842364
37.46,2.822747
37.48,2.803451
37.5,2.79316
37.52,2.783512
37.54,2.778688
37.56,2.778367
37.58,2.783512
37.6,2.788658
37.62,2.79316
37.64,2.80313
37.66,2.813099
37.68,2.822747
37.7,2.832716
37.72,2.842042
37.74,2.85169
37.76,2.864232
37.78,2.871307
37.8,2.880955
37.82,2.891246
37.84,2.895749
37.86,2.900894
37.88,2.905718
37.9,2.905718
37.92,2.900251
37.94,2.895749
37.96,2.888352
37.98,2.881277
38,2.871307
38.02,2.86166
38.04,2.856836
38.06,2.85169
38.08,2.847188
38.1,2.852333
38.12,2.856514
38.14,2.866484
38.16,2.885458
38.18,2.905396
38.2,2.930159
38.22,2.959746
38.24,2.993835
38.26,3.034677
38.28,3.079057
38.3,3.127939
38.32,3.179073
38.34,3.237603
38.36,3.299027
38.38,3.364954
38.4,3.431202
38.42,3.498737
38.44,3.569488
38.46,3.641203
38.48,3.711954
38.5,3.784956
38.52,3.85635
38.54,3.926457
38.56,3.998173
38.58,4.068602
38.6,4.137744
38.62,4.208495
38.64,4.276994
38.66,4.342921
38.68,4.411421
38.7,4.474775
38.72,4.53845
38.74,4.597302
38.76,4.655511
38.78,4.715005
38.8,4.770963
38.82,4.824991
38.84,4.879018
38.86,4.92983
38.88,4.981285
38.9,5.032097
38.92,5.081301
38.94,5.126002
38.96,5.174242
38.98,5.218943
39,5.261072
39.02,5.302236
39.04,5.343722
39.06,5.380705
39.08,5.419618
39.1,5.457887
39.12,5.492941
39.14,5.527352
39.16,5.558546
39.18,5.591027
39.2,5.622543
39.22,5.653738
39.24,5.683325
39.26,5.71066
39.28,5.737352
39.3,5.766618
39.32,5.79138
39.34,5.815821
39.36,5.840906
39.38,5.86406
39.4,5.888823
39.42,5.913264
39.44,5.932882
39.46,5.95475
39.48,5.976618
39.5,5.995914
39.52,6.01135
39.54,6.030968
39.56,6.045439
39.58,6.060554
39.6,6.069881
39.62,6.084674
39.64,6.094
39.66,6.099467
39.68,6.104613
39.7,6.109115
39.72,6.109437
39.74,6.109115
39.76,6.10397
39.78,6.099467
39.8,6.094322
39.82,6.084674
39.84,6.070202
39.86,6.05573
39.88,6.040616
39.9,6.021641
39.92,6.001059
39.94,5.982085
39.96,5.957323
39.98,5.93256
40,5.90426
40.02,5.874995
40.04,5.845086
40.06,5.811319
40.08,5.776587
40.1,5.737031
40.12,5.69651
40.14,5.654703
40.16,5.609358
40.18,5.568837
40.2,5.52703
40.22,5.483293
40.24,5.439235
40.26,5.395177
40.28,5.351118
40.3,5.306738
40.32,5.263001
40.34,5.217013
40.36,5.172955
40.38,5.128575
40.4,5.085482
40.42,5.04271
40.44,5.002189
40.46,4.959417
40.48,4.918253
40.5,4.876446
40.52,4.837211
40.54,4.796369
40.56,4.754561
40.58,4.715649
40.6,4.675771
40.62,4.639431
40.64,4.602126
40.66,4.562891
40.68,4.5243
40.7,4.48989
40.72,4.451298
40.74,4.415923
40.76,4.377653
40.78,4.342278
40.8,4.308189
40.82,4.270884
40.84,4.234866
40.86,4.200777
40.88,4.162829
40.9,4.127775
40.92,4.089184
40.94,4.052522
40.96,4.015539
40.98,3.975983
41,3.936748
41.02,3.897514
41.04,3.858922
41.06,3.819688
41.08,3.778524
41.1,3.735752
41.12,3.692015
41.14,3.643776
41.16,3.595859
41.18,3.54569
41.2,3.496164
41.22,3.446961
41.24,3.397113
41.26,3.347266
41.28,3.296776
41.3,3.247251
41.32,3.199333
41.34,3.150773
41.36,3.103498
41.38,3.057189
41.4,3.014095
41.42,2.970037
41.44,2.929838
41.46,2.88803
41.48,2.852655
41.5,2.814385
41.52,2.778367
41.54,2.747172
41.56,2.715334
41.58,2.686069
41.6,2.65584
41.62,2.632363
41.64,2.604063
41.66,2.579943
41.68,2.55904
41.7,2.534599
41.72,2.513052
41.74,2.490862
41.76,2.471888
41.78,2.452271
41.8,2.436834
41.82,2.418182
41.84,2.407891
41.86,2.396635
41.88,2.388595
41.9,2.383128
41.92,2.378626
41.94,2.374123
41.96,2.374123
41.98,2.37348
42,2.378947
42.02,2.384093
42.04,2.392776
42.06,2.40371
42.08,2.41786
42.1,2.433297
42.12,2.451627
42.14,2.470601
42.16,2.495686
42.18,2.522056
42.2,2.550357
42.22,2.583481
42.24,2.617891
42.26,2.652302
42.28,2.686391
42.3,2.721766
42.32,2.758428
42.34,2.794125
42.36,2.827249
42.38,2.856193
42.4,2.890925
42.42,2.920511
42.44,2.946882
42.46,2.973574
42.48,2.997372
42.5,3.018276
42.52,3.03725
42.54,3.055259
42.56,3.072625
42.58,3.080987
42.6,3.091278
42.62,3.101569
42.64,3.110895
42.66,3.115719
42.68,3.1199
42.7,3.120543
42.72,3.125688
42.74,3.119578
42.76,3.120221
42.78,3.115397
42.8,3.106393
42.82,3.100925
42.84,3.091599
42.86,3.086775
42.88,3.082595
42.9,3.076484
42.92,3.076806
42.94,3.076806
42.96,3.077449
42.98,3.08163
43,3.090956
43.02,3.105428
43.04,3.120543
43.06,3.142411
43.08,3.165566
43.1,3.196117
43.12,3.227955
43.14,3.267833
43.16,3.311248
43.18,3.359809
43.2,3.409012
43.22,3.464005
43.24,3.520606
43.26,3.579457
43.28,3.641203
43.3,3.702949
43.32,3.765982
43.34,3.828693
43.36,3.891082
43.38,3.956044
43.4,4.020363
43.42,4.08243
43.44,4.145784
43.46,4.210746
43.48,4.271849
43.5,4.333595
43.52,4.396627
43.54,4.455479
43.56,4.514009
43.58,4.572218
43.6,4.630105
43.62,4.685419
43.64,4.739125
43.66,4.79251
43.68,4.843
43.7,4.894776
43.72,4.947196
43.74,4.996078
43.76,5.043996
43.78,5.09127
43.8,5.140153
43.82,5.184211
43.84,5.227626
43.86,5.269433
43.88,5.311562
43.9,5.350797
43.92,5.389709
43.94,5.426371
43.96,5.462711
43.98,5.498408
44,5.528638
44.02,5.561119
44.04,5.592635
44.06,5.622222
44.08,5.651487
44.1,5.677536
44.12,5.707444
44.14,5.73478
44.16,5.762115
44.18,5.786235
44.2,5.810676
44.22,5.835439
44.24,5.860845
44.26,5.881427
44.28,5.90233
44.3,5.923234
44.32,5.942529
44.34,5.961503
44.36,5.981764
44.38,5.996879
44.4,6.01135
44.42,6.025822
44.44,6.041259
44.46,6.050585
44.48,6.060876
44.5,6.066021
44.52,6.069237
44.54,6.074704
44.56,6.075669
44.58,6.070845
44.6,6.069881
44.62,6.05959
44.64,6.055087
44.66,6.046083
44.68,6.033862
44.7,6.020355
44.72,6.005562
44.74,5.987231
44.76,5.972438
44.78,5.95282
44.8,5.928379
44.82,5.906832
44.84,5.883035
44.86,5.855699
44.88,5.828364
44.9,5.79942
44.92,5.767904
44.94,5.733815
44.96,5.698118
44.98,5.660492
45,5.620935
45.02,5.580093
45.04,5.536678
45.06,5.493263
45.08,5.449204
45.1,5.404181
45.12,5.355299
45.14,5.311562
45.16,5.268469
45.18,5.220873
45.2,5.174242
45.22,5.126967
45.24,5.080658
45.26,5.032419
45.28,4.984501
45.3,4.939478
45.32,4.891239
45.34,4.846537
45.36,4.801514
45.38,4.754561
45.4,4.709538
45.42,4.665802
45.44,4.622708
45.46,4.582509
45.48,4.539094
45.5,4.498573
45.52,4.455479
45.54,4.414958
45.56,4.372508
45.58,4.332309
45.6,4.290823
45.62,4.246765
45.64,4.205922
45.66,4.161864
45.68,4.121665
45.7,4.079536
45.72,4.034834
45.74,3.992705
45.76,3.952185
45.78,3.906518
45.8,3.858279
45.82,3.814221
45.84,3.76566
45.86,3.718064
45.88,3.671755
45.9,3.623194
45.92,3.571739
45.94,3.523178
45.96,3.472366
45.98,3.418982
46,3.36817
46.02,3.314464
46.04,3.258828
46.06,3.203514
46.08,3.149808
46.1,3.097066
46.12,3.047862
46.14,2.998337
46.16,2.954279
46.18,2.91022
46.2,2.871629
46.22,2.836254
46.24,2.802165
46.26,2.774186
46.28,2.750388
46.3,2.728841
46.32,2.715334
46.34,2.701184
46.36,2.69218
46.38,2.685748
46.4,2.686391
46.42,2.686391
46.44,2.69025
46.46,2.695396
46.48,2.700219
46.5,2.706008
46.52,2.715334
46.54,2.725304
46.56,2.730128
46.58,2.740097
46.6,2.744599
46.62,2.749423
46.64,2.749745
46.66,2.751031
46.68,2.754569
46.7,2.749745
46.72,2.749423
46.74,2.749423
46.76,2.744278
46.78,2.744599
46.8,2.740097
46.82,2.739776
46.84,2.734308
46.86,2.734308
46.88,2.739454
46.9,2.744599
46.92,2.753926
46.94,2.769041
46.96,2.783834
46.98,2.807953
47,2.832395
47.02,2.865519
47.04,2.900251
47.06,2.939485
47.08,2.979685
47.1,3.028245
47.12,3.076484
47.14,3.129226
47.16,3.183897
47.18,3.243713
47.2,3.307389
47.22,3.371064
47.24,3.439885
47.26,3.507742
47.28,3.576241
47.3,3.647635
47.32,3.716456
47.34,3.787207
47.36,3.854742
47.38,3.923563
47.4,3.991741
47.42,4.058632
47.44,4.123916
47.46,4.190486
47.48,4.254161
47.5,4.314621
47.52,4.377332
47.54,4.437148
47.56,4.498573
47.58,4.554208
47.6,4.611131
47.62,4.664837
47.64,4.718543
47.66,4.76839
47.68,4.81888
47.7,4.866155
47.72,4.91568
47.74,4.963276
47.76,5.008621
47.78,5.053644
47.8,5.100275
47.82,5.141439
47.84,5.184533
47.86,5.225375
47.88,5.266861
47.9,5.302879
47.92,5.341149
47.94,5.380705
47.96,5.414151
47.98,5.450169
48,5.484258
48.02,5.517704
48.04,5.551793
48.06,5.580736
48.08,5.614182
48.1,5.644412
48.12,5.673998
48.14,5.699404
48.16,5.727383
48.18,5.756005
48.2,5.781732
48.22,5.806174
48.24,5.830615
48.26,5.855056
48.28,5.878854
48.3,5.899757
48.32,5.923234
48.34,5.942529
48.36,5.96279
48.38,5.978226
48.4,5.996236
48.42,6.011672
48.44,6.026144
48.46,6.036113
48.48,6.050585
48.5,6.05959
48.52,6.065057
48.54,6.070202
48.56,6.074704
48.58,6.080172
48.6,6.07985
48.62,6.074704
48.64,6.069881
48.66,6.065057
48.68,6.05573
48.7,6.045439
48.72,6.035792
48.74,6.020998
48.76,6.006205
48.78,5.986909
48.8,5.971794
48.82,5.952177
48.84,5.932238
48.86,5.908762
48.88,5.884321
48.9,5.860845
48.92,5.835439
48.94,5.810676
48.96,5.781411
48.98,5.751824
49,5.722881
49.02,5.690078
49.04,5.657919
49.06,5.624795
49.08,5.589741
49.1,5.551793
49.12,5.513523
49.14,5.477505
49.16,5.437949
49.18,5.39582
49.2,5.355942
49.22,5.312848
49.24,5.272649
49.26,5.228269
49.28,5.188392
49.3,5.145298
49.32,5.105099
49.34,5.06297
49.36,5.023414
49.38,4.982572
49.4,4.940121
49.42,4.900243
49.44,4.861331
49.46,4.822739
49.48,4.783183
49.5,4.744592
49.52,4.706001
49.54,4.670625
49.56,4.631391
49.58,4.596337
49.6,4.558068
49.62,4.520119
49.64,4.484744
49.66,4.445831
49.68,4.410778
49.7,4.372508
49.72,4.333595
49.74,4.297898
49.76,4.259307
49.78,4.220716
49.8,4.182767
49.82,4.146106
49.84,4.108479
49.86,4.068923
49.88,4.033226
49.9,3.995278
49.92,3.961511
49.94,3.9271
49.96,3.89269
49.98,3.858601
50,3.824512
50.02,3.790101
50.04,3.756012
50.06,3.718064
50.08,3.682689
50.1,3.643133
50.12,3.608079
50.14,3.569809
50.16,3.535399
50.18,3.498416
50.2,3.463362
50.22,3.429273
50.24,3.398078
50.26,3.364633
50.28,3.335367
50.3,3.306102
50.32,3.276516
50.34,3.252075
50.36,3.228277
50.38,3.205122
50.4,3.183897
50.42,3.163958
50.44,3.149486
50.46,3.130191
50.48,3.115719
50.5,3.106071
50.52,3.091278
50.54,3.08163
50.56,3.07166
50.58,3.061369
50.6,3.052043
50.62,3.042395
50.64,3.032748
50.66,3.0231
50.68,3.018276
50.7,3.013452
50.72,3.008306
50.74,3.01313
50.76,3.014417
50.78,3.022778
50.8,3.032748
50.82,3.048184
50.84,3.066837
50.86,3.087097
50.88,3.11186
50.9,3.14016
50.92,3.169747
50.94,3.2048
50.96,3.242427
50.98,3.286807
51,3.334724
51.02,3.38425
51.04,3.437956
51.06,3.496808
51.08,3.555659
51.1,3.618049
51.12,3.681081
51.14,3.744435
51.16,3.808432
51.18,3.873072
51.2,3.93707
51.22,4.003961
51.24,4.068923
51.26,4.133242
51.28,4.196918
51.3,4.263809
51.32,4.328128
51.34,4.390839
51.36,4.451942
51.38,4.513044
51.4,4.56868
51.42,4.626567
51.44,4.680595
51.46,4.734623
51.48,4.788329
51.5,4.837854
51.52,4.890596
51.54,4.940764
51.56,4.989647
51.58,5.037886
51.6,5.086768
51.62,5.13147
51.64,5.178101
51.66,5.222481
51.68,5.263001
51.7,5.302879
51.72,5.341792
51.74,5.380705
51.76,5.41801
51.78,5.453707
51.8,5.488117
51.82,5.521885
51.84,5.55533
51.86,5.58556
51.88,5.615468
51.9,5.645377
51.92,5.674963
51.94,5.703907
51.96,5.73285
51.98,5.762115
52,5.790415
52.02,5.815821
52.04,5.8438
52.06,5.869849
52.08,5.893969
52.1,5.918731
52.12,5.943173
52.14,5.967292
52.16,5.992055
52.18,6.011672
52.2,6.030968
52.22,6.050907
52.24,6.065378
52.26,6.07985
52.28,6.090463
52.3,6.10011
52.32,6.109115
52.34,6.114261
52.36,6.119084
52.38,6.119084
52.4,6.114261
52.42,6.109758
52.44,6.10397
52.46,6.094643
52.48,6.085317
52.5,6.069881
52.52,6.055409
52.54,6.03547
52.56,6.015853
52.58,5.996879
52.6,5.974046
52.62,5.951856
52.64,5.924842
52.66,5.898793
52.68,5.869528
52.7,5.84187
52.72,5.811319
52.74,5.781411
52.76,5.751503
52.78,5.717735
52.8,5.683646
52.82,5.649557
52.84,5.611609
52.86,5.575591
52.88,5.533462
52.9,5.493263
52.92,5.454028
52.94,5.411256
52.96,5.370735
52.98,5.326999
53,5.286799
53.02,5.243384
53.04,5.201255
53.06,5.15977
53.08,5.117641
53.1,5.07712
53.12,5.037242
53.14,4.99833
53.16,4.958774
53.18,4.91568
53.2,4.876446
53.22,4.832709
53.24,4.789615
53.26,4.748451
53.28,4.704393
53.3,4.660334
53.32,4.615954
53.34,4.572861
53.36,4.528481
53.38,4.485066
53.4,4.44551
53.42,4.401451
53.44,4.359001
53.46,4.31848
53.48,4.279246
53.5,4.23583
53.52,4.196274
53.54,4.15704
53.56,4.117805
53.58,4.079214
53.6,4.03998
53.62,4.005569
53.64,3.966335
53.66,3.931924
53.68,3.897835
53.7,3.863425
53.72,3.829336
53.74,3.801035
53.76,3.76759
53.78,3.736717
53.8,3.706808
53.82,3.674327
53.84,3.643454
53.86,3.614189
53.88,3.585246
53.9,3.560162
53.92,3.531218
53.94,3.506777
53.96,3.482336
53.98,3.459181
54,3.434418
54.02,3.409977
54.04,3.385858
54.06,3.359487
54.08,3.337297
54.1,3.31575
54.12,3.292917
54.14,3.276837
54.16,3.261722
54.18,3.247572
54.2,3.237281
54.22,3.237925
54.24,3.238246
54.26,3.242748
54.28,3.25111
54.3,3.262044
54.32,3.281661
54.34,3.306102
54.36,3.335689
54.38,3.369456
54.4,3.407405
54.42,3.451141
54.44,3.497772
54.46,3.550835
54.48,3.604863
54.5,3.663072
54.52,3.721602
54.54,3.780775
54.56,3.843486
54.58,3.90684
54.6,3.966978
54.62,4.029689
54.64,4.092078
54.66,4.155754
54.68,4.219108
54.7,4.279567
54.72,4.343564
54.74,4.404989
54.76,4.465449
54.78,4.523979
54.8,4.586046
54.82,4.641039
54.84,4.69571
54.86,4.749738
54.88,4.803122
54.9,4.85522
54.92,4.905389
54.94,4.954271
54.96,5.003475
54.98,5.052679
55,5.099953
55.02,5.145941
55.04,5.190321
55.06,5.233415
55.08,5.277473
55.1,5.316708
55.12,5.355942
55.14,5.395177
55.16,5.434733
55.18,5.4685
55.2,5.503875
55.22,5.537643
55.24,5.571732
55.26,5.600353
55.28,5.633156
55.3,5.662421
55.32,5.692329
55.34,5.717414
55.36,5.747643
55.38,5.772085
55.4,5.80135
55.42,5.825791
55.44,5.849589
55.46,5.874351
55.48,5.899114
55.5,5.922912
55.52,5.945745
55.54,5.967292
55.56,5.986588
55.58,6.006205
55.6,6.025822
55.62,6.039972
55.64,6.055087
55.66,6.065057
55.68,6.075026
55.7,6.084031
55.72,6.089498
55.74,6.089819
55.76,6.089819
55.78,6.089498
55.8,6.084352
55.82,6.076634
55.84,6.069559
55.86,6.055087
55.88,6.040616
55.9,6.026465
55.92,6.011029
55.94,5.992055
55.96,5.967292
55.98,5.947353
56,5.922591
56.02,5.89429
56.04,5.868884
56.06,5.840263
56.08,5.810676
56.1,5.776587
56.12,5.744106
56.14,5.708087
56.16,5.670461
56.18,5.630262
56.2,5.591027
56.22,5.546969
56.24,5.507091
56.26,5.463676
56.28,5.419618
56.3,5.376846
56.32,5.336646
56.34,5.292266
56.36,5.253032
56.38,5.211225
56.4,5.169739
56.42,5.125681
56.44,5.083552
56.46,5.042066
56.48,4.998973
56.5,4.955558
56.52,4.91568
56.54,4.871622
56.56,4.82885
56.58,4.787686
56.6,4.743627
56.62,4.700212
56.64,4.657762
56.66,4.616598
56.68,4.573182
56.7,4.533305
56.72,4.491498
56.74,4.451298
56.76,4.411421
56.78,4.372508
56.8,4.333273
56.82,4.294039
56.84,4.254804
56.86,4.220394
56.88,4.181803
56.9,4.142568
56.92,4.108479
56.94,4.068923
56.96,4.029689
56.98,3.994957
57,3.956365
57.02,3.917452
57.04,3.88272
57.06,3.844129
57.08,3.810362
57.1,3.77563
57.12,3.741219
57.14,3.706808
57.16,3.673041
57.18,3.640238
57.2,3.609365
57.22,3.574955
57.24,3.540866
57.26,3.508063
57.28,3.476869
57.3,3.448247
57.32,3.41866
57.34,3.389395
57.36,3.364954
57.38,3.340191
57.4,3.315429
57.42,3.296455
57.44,3.276837
57.46,3.257542
57.48,3.242427
57.5,3.227955
57.52,3.213483
57.54,3.20062
57.56,3.189042
57.58,3.174249
57.6,3.164601
57.62,3.150129
57.64,3.140482
57.66,3.130512
57.68,3.121186
57.7,3.11604
57.72,3.110895
57.74,3.110895
57.76,3.110573
57.78,3.115397
57.8,3.125367
57.82,3.135979
57.84,3.152702
57.86,3.173927
57.88,3.198368
57.9,3.227633
57.92,3.262366
57.94,3.304173
57.96,3.350482
57.98,3.399365
58,3.456287
58.02,3.511923
58.04,3.572704
58.06,3.633485
58.08,3.697482
58.1,3.761158
58.12,3.824512
58.14,3.891082
58.16,3.956044
58.18,4.020363
58.2,4.086932
58.22,4.149965
58.24,4.21557
58.26,4.279246
58.28,4.343564
58.3,4.406918
58.32,4.469951
58.34,4.528803
58.36,4.59087
58.38,4.648757
58.4,4.705358
58.42,4.762923
58.44,4.817594
58.46,4.871622
58.48,4.925328
58.5,4.978712
58.52,5.03274
58.54,5.082266
58.56,5.133721
58.58,5.182603
58.6,5.228912
58.62,5.275865
58.64,5.319924
58.66,5.364625
58.68,5.404824
58.7,5.448883
58.72,5.488117
58.74,5.52703
58.76,5.566586
58.78,5.605499
58.8,5.639588
58.82,5.677214
58.84,5.712268
58.86,5.747322
58.88,5.776587
58.9,5.811319
58.92,5.840263
58.94,5.869528
58.96,5.899114
58.98,5.928058
59,5.957644
59.02,5.982085
59.04,6.006205
59.06,6.033862
59.08,6.055409
59.1,6.07985
59.12,6.10397
59.14,6.123908
59.16,6.143526
59.18,6.157997
59.2,6.175363
59.22,6.187262
59.24,6.202056
59.26,6.212025
59.28,6.216849
59.3,6.226497
59.32,6.231321
59.34,6.230678
59.36,6.231642
59.38,6.226497
59.4,6.221351
59.42,6.216527
59.44,6.207201
59.46,6.197553
59.48,6.182438
59.5,6.167645
59.52,6.153173
59.54,6.133556
59.56,6.114261
59.58,6.094643
59.6,6.072132
59.62,6.050585
59.64,6.020998
59.66,5.996557
59.68,5.966971
59.7,5.938027
59.72,5.905546
59.74,5.87403
59.76,5.840263
59.78,5.805852
59.8,5.76919
59.82,5.732529
59.84,5.693294
59.86,5.651165
59.88,5.610323
59.9,5.571088
59.92,5.527673
59.94,5.488439
59.96,5.443737
59.98,5.400322
60,5.360444
